"","Arrestee.Type","Arrest.Year","Arrest.Date","Arrest.Hour","CCN","Arrest.Number.","Age","Defendant.PSA","Defendant.District","Defendant.Race","Defendant.Ethnicity","Defendant.Sex","Arrest.Category","Charge.Description","Arrest.Location.PSA","Arrest.Location.District","Arrest.Block.GEOX","Arrest.Block.GEOY","Arrest.Latitude","Arrest.Longitude","Offense.Location.PSA","Offense.Location.District","Offense.Block.GEOX","Offense.Block.GEOY","Offense.Latitude","Offense.Longitude"
"1","Adult Arrest",2019,2019-01-16,8,"8116bdcb4892ce9d8df5bd6689e04b9ee0150a9d343da7228b3b9f218b0082e1","c8847e3cf71bf9562a0afcb4eda3272521bb101f7942cf4c6e2c61970e8722d8",25,607,"6D","BLACK","UNKNOWN","MALE","Sex Abuse","First Degree Sexual Abuse",102,"1D",398600,136300,38.894,-77.017,"607","6D",401500,133500,38.869,-76.983
"2","Adult Arrest",2019,2019-01-18,11,"a73dd3056af500dc938e88df0f7d9f6c89e92d18ced890177b65f110f941873c","d8e5290031caf6270ffada225b2294c33743bdfb355a2981aac449295af693f7",41,602,"6D","BLACK","UNKNOWN","MALE","Weapon Violations","Felon In Possession",602,"6D",404600,136600,38.897,-76.947,"602","6D",404600,136500,38.897,-76.947
"3","Adult Arrest",2019,2019-01-22,8,"43bee875965983c13be36862d255c931341296b3b664916328992328150d07f1","4682da983db6893b098b64952ace113d8618755c8c69d0be1edb2692b5b377a4",23,NA,"","BLACK","UNKNOWN","MALE","Simple Assault","Simple Assault",105,"1D",398900,134300,38.877,-77.013,"106","1D",400000,134300,38.877,-77
"4","Adult Arrest",2019,2019-01-23,8,"c792e9c3e4bfa88df9c5ed83595d5a90f5e86ee774f1f2f02b905db3459850aa","3a30459ef8696a18445443439f58a25b0a1bdd172027c26263b841c65d713739",21,507,"5D","BLACK","NOT HISPANIC","MALE","Assault with a Dangerous Weapon","Assault W/i To Kill",507,"5D",401500,136800,38.899,-76.983,"507","5D",401900,136800,38.899,-76.979
"5","Adult Arrest",2019,2019-01-24,7,"43bee875965983c13be36862d255c931341296b3b664916328992328150d07f1","df9f0a6545d025e7e42fb6e0f8f6a62e2f71bebbd0ed9bcf89bf26e1c86b9632",26,NA,"","BLACK","NOT HISPANIC","MALE","Simple Assault","Simple Assault",105,"1D",398900,134300,38.877,-77.013,"106","1D",400000,134300,38.877,-77
"6","Adult Arrest",2019,2019-01-24,7,"7088fb018f191efbca871490640ef027879e99bb8460b74a869e7dbcfb782ddf","b2ab8388651ea0c53b3704f321cae0a298091de92016679774556687d9b772e1",29,701,"7D","BLACK","NOT HISPANIC","FEMALE","Aggravated Assault","Assault With Significant Bodily Injury",701,"7D",401300,132600,38.862,-76.985,"706","7D",400900,129900,38.837,-76.99
"7","Adult Arrest",2019,2019-01-29,9,"8116bdcb4892ce9d8df5bd6689e04b9ee0150a9d343da7228b3b9f218b0082e1","63f6c343f87ae93d5b6a75d17eb7567cf2665e6509c257fa85c27be029953067",29,401,"4D","BLACK","NOT HISPANIC","MALE","Sex Abuse","First Degree Sexual Abuse",107,"1D",402000,135100,38.883,-76.976,"607","6D",401500,133500,38.869,-76.983
"8","Adult Arrest",2019,2019-01-30,5,"7088fb018f191efbca871490640ef027879e99bb8460b74a869e7dbcfb782ddf","cecbef1ae7e70de3788f65edc1e8dec370a0cf36965c8c4e516dacc94555e515",28,507,"5D","UNKNOWN","NOT HISPANIC","FEMALE","Simple Assault","Simple Assault",507,"5D",402100,136500,38.896,-76.976,"706","7D",400900,129900,38.837,-76.99
"9","Adult Arrest",2019,2019-02-03,12,"ad8462bc5ea08b8c8959b5bd71cba73b9a540aa20856f06fe890fb198275c8ec","d74b7326cc302ff0b81b255149a32ee29816c2b93dd8e4624f049a0763c332ba",29,106,"1D","BLACK","NOT HISPANIC","FEMALE","Burglary","Burglary One",503,"5D",402500,139100,38.92,-76.972,"707","7D",399800,129600,38.834,-77.003
"10","Adult Arrest",2019,2019-02-05,11,"c96a1d0db198d5d24051a639d329739801730cd74c316bde5614f59f53065df0","16b95b611a07c77ef22aa8174e814e2607afa59862dea2ec051eac45a643414a",22,704,"7D","BLACK","UNKNOWN","MALE","Robbery","Robbery",706,"7D",400600,129400,38.833,-76.994,"208","2D",397200,137900,38.909,-77.032
"11","Adult Arrest",2019,2019-02-06,12,"c96a1d0db198d5d24051a639d329739801730cd74c316bde5614f59f53065df0","5ab02bfee1097231a64466fc1642a4b6cf00f2e6c62c0df61fcc083d40d19e71",26,706,"7D","BLACK","UNKNOWN","FEMALE","Robbery","Robbery",706,"7D",400600,129400,38.833,-76.994,"208","2D",397200,137900,38.909,-77.032
"12","Adult Arrest",2019,2019-02-06,6,"38df34e509593b8f373580d9bfad40066a26afb5ca1f490378285677efa2193c","681efd477f5f389c63c3fbbf32997485411b49bc3e70b5bdc2c5893d82ddb043",23,704,"7D","BLACK","NOT HISPANIC","MALE","Robbery","Robbery",702,"7D",402600,131700,38.853,-76.97,"701","7D",401500,133100,38.866,-76.982
"13","Adult Arrest",2019,2019-02-06,8,"a6cadd0a59bca6a499475a3c7c179c3b2c5970139b8c79a4f2c25372674f2d22","4dc235eeb30436a8097bfe591e060ec616d2a93914af79ea0bbf60e56294fadb",22,603,"6D","BLACK","NOT HISPANIC","FEMALE","Robbery","Robbery",101,"1D",398200,136700,38.898,-77.021,"101","1D",398100,136900,38.9,-77.022
"14","Adult Arrest",2019,2019-02-08,10,"c792e9c3e4bfa88df9c5ed83595d5a90f5e86ee774f1f2f02b905db3459850aa","ea5ef16261209951541f4aa5a405d74dbd90e4b673c20783137e2d15d885f0a8",20,NA,"","BLACK","UNKNOWN","MALE","Homicide","Murder I",NA,"",NA,NA,NA,NA,"507","5D",401900,136800,38.899,-76.979
"15","Adult Arrest",2019,2019-02-10,4,"3ce10a4c6f5ab96d53c5049024ea841209ec61ed3a84a9f78aaacc5d30111337","047434a0ea927aa57da0cce5a2efa37433af1bd16692b3f600008aa1d0370fd6",32,NA,"","BLACK","NOT HISPANIC","MALE","Robbery","Robbery",603,"6D",404000,135800,38.89,-76.954,"603","6D",404000,135800,38.89,-76.954
"16","Adult Arrest",2019,2019-02-10,5,"38df34e509593b8f373580d9bfad40066a26afb5ca1f490378285677efa2193c","d088b32c182514806c7a1fac28cc4e08d4187ad354846ba359066e5b850a70de",23,601,"6D","BLACK","NOT HISPANIC","MALE","Robbery","Robbery",701,"7D",401500,133100,38.866,-76.982,"701","7D",401500,133100,38.866,-76.982
"17","Adult Arrest",2019,2019-02-11,1,"3ce10a4c6f5ab96d53c5049024ea841209ec61ed3a84a9f78aaacc5d30111337","1612b021eff245f7512167bd4dc76b794b5a367a9ffc969df34b104638e6c7cf",23,NA,"","UNKNOWN","UNKNOWN","UNKNOWN","Motor Vehicle Theft","Theft First Degree (Stolen Auto)",603,"6D",404200,135900,38.891,-76.952,"603","6D",404000,135800,38.89,-76.954
"18","Adult Arrest",2019,2019-02-13,10,"75f24719c56e8f7b0009d8771273660472268d7da196804dfc0ef90cfc6fd355","e116a9d74b4dba25ef0026faf42df2bf690ad5883642e680a5b67875d238df3a",56,NA,"","BLACK","NOT HISPANIC","MALE","Disorderly Conduct","Illegal Dumping",602,"6D",406000,136700,38.898,-76.931,"605","6D",403200,134400,38.877,-76.963
"19","Adult Arrest",2019,2019-02-13,5,"a5214cd71f90201c43469575a34f8abba4ec9fa546984f4cf4c001ac6e99caae","ba5432872012bfc5caeb32b55a98c218e7f3835ef246937c3a5bb482fc8c195c",37,NA,"","BLACK","NOT HISPANIC","MALE","Weapon Violations","Carrying a Pistol Without a License (Outside Home or Place of Business/Prior Felony) 2015",501,"5D",400400,137100,38.902,-76.995,"104","1D",400100,137000,38.9,-76.999
"20","Adult Arrest",2019,2019-02-28,12,"fd0ee5476cb3933641a7ea3655f0daacc4982fa39d9cf650a283048917576a1a","02de4cfef02c1cb4bebfee92eb7c84b32a711ce1783dffd0d558254ce6ca47fa",26,702,"7D","BLACK","NOT HISPANIC","MALE","Assault with a Dangerous Weapon","Assault With A Dangerous Weapon",702,"7D",402600,131700,38.853,-76.97,"104","1D",400500,137000,38.9,-76.994
"21","Adult Arrest",2019,2019-03-08,6,"2a1d60934c47325f0e6d14abd846de867920bdae95499162fa5d087229fa0868","b38b258cdbebe6c43eff70c0f1df5468388a1f508b76e16db344e0ef777019f0",23,608,"6D","BLACK","NOT HISPANIC","MALE","Assault with a Dangerous Weapon","Assault W/i To Kill",608,"6D",406500,136200,38.894,-76.925,"608","6D",406600,136000,38.892,-76.923
"22","Adult Arrest",2019,2019-03-12,3,"fd0ee5476cb3933641a7ea3655f0daacc4982fa39d9cf650a283048917576a1a","375fa31a711dde606aa61706b240761a500ff35835de90f5b27f86a65a3c7792",27,405,"4D","BLACK","NOT HISPANIC","MALE","Assault with a Dangerous Weapon","Assault W/i To Kill",105,"1D",398900,134300,38.877,-77.013,"104","1D",400500,137000,38.9,-76.994
"23","Adult Arrest",2019,2019-03-15,8,"93b9818cce6f27ccb42385b598040297bd2e20184564bc9456c1b94445bbcabb","c169d98f9fb2129e6d380c607125b8502610e462da7152c948901af91c5546fa",20,608,"6D","BLACK","NOT HISPANIC","MALE","Motor Vehicle Theft","Theft First Degree (Stolen Auto)",506,"5D",401200,137100,38.902,-76.987,"503","5D",403200,139600,38.925,-76.963
"24","Adult Arrest",2019,2019-03-17,7,"9f6123c61b39caee452de5087837bc2a81a44b0726dd5c9be367f41c3a98cf66","4e0ee8748704daaee75ba98d89f4c820142fb268ff4cc3e96309bf0e20cc501b",22,NA,"","BLACK","UNKNOWN","MALE","Weapon Violations","Carrying a Pistol Without a License (Outside Home or Place of Business) 2015",706,"7D",400200,129700,38.835,-76.997,"706","7D",400200,129700,38.835,-76.997
"25","Adult Arrest",2019,2019-03-20,9,"75f24719c56e8f7b0009d8771273660472268d7da196804dfc0ef90cfc6fd355","d26293478a3ce5fd2613f2c2dc67ed6168b2c43f38628f1e6030ef4d16f2662a",55,602,"6D","BLACK","UNKNOWN","MALE","Disorderly Conduct","Illegal Dumping",608,"6D",406100,136900,38.9,-76.93,"605","6D",403200,134400,38.877,-76.963
"26","Adult Arrest",2019,2019-03-21,1,"9f6123c61b39caee452de5087837bc2a81a44b0726dd5c9be367f41c3a98cf66","20de905761ca39f43ffd2c6f1690b2440e954ea9c18c781b5fcc5f4ef3de1351",24,NA,"","BLACK","UNKNOWN","MALE","Traffic Violations","Fleeing from a law enforcement officer in a motor vehicle",102,"1D",398400,136200,38.894,-77.019,"706","7D",400200,129700,38.835,-76.997
"27","Adult Arrest",2019,2019-03-21,7,"46dc72202caf6e7606f0a38b3fdc5e73f465b0e6962a4c3cbfb664973057e30b","36d48be4b8d3777d455a12d9ff5e74ef4eab56de068ecb2af120200b5cd8f70f",22,409,"4D","BLACK","NOT HISPANIC","MALE","Theft from Auto","Theft (theft From Motor Vehicle)",409,"4D",398000,140500,38.932,-77.023,"304","3D",397900,139900,38.927,-77.024
"28","Adult Arrest",2019,2019-03-26,12,"1a7c6285488a0262298b6c0fad9ae51c114db684ac1bb8bf4f99bf459d1927ca","1a0311d5ed58cb1c6a107fb9fd237901a5912a5b5fd529f4861c4785c9b5e9f9",22,NA,"","BLACK","UNKNOWN","MALE","Burglary","Burglary One",608,"6D",406100,136900,38.9,-76.93,"601","6D",404300,137600,38.906,-76.951
"29","Adult Arrest",2019,2019-03-26,9,"2a1d60934c47325f0e6d14abd846de867920bdae95499162fa5d087229fa0868","25afd355b7863371d086c3b242f0b7981d1d7e81132666f4fcc8b1256e0473a9",29,NA,"","BLACK","UNKNOWN","MALE","Assault with a Dangerous Weapon","Assault W/i To Kill",NA,"",NA,NA,NA,NA,"608","6D",406600,136000,38.892,-76.923
"30","Adult Arrest",2019,2019-04-01,7,"46dc72202caf6e7606f0a38b3fdc5e73f465b0e6962a4c3cbfb664973057e30b","9f307cdfeb903244e6104cd325a3c0906fa7a602da274aead6e7fd40f7a4f626",27,701,"7D","BLACK","UNKNOWN","MALE","Theft from Auto","Theft (theft From Motor Vehicle)",701,"7D",402500,132200,38.857,-76.972,"304","3D",397900,139900,38.927,-77.024
"31","Adult Arrest",2019,2019-04-03,10,"1a7c6285488a0262298b6c0fad9ae51c114db684ac1bb8bf4f99bf459d1927ca","fb207b4e48cbd85c3ae2da58c19de9abfa065836b00f6ec3b8da57bb80871277",19,NA,"","BLACK","UNKNOWN","MALE","Burglary","Burglary One",608,"6D",406100,136900,38.9,-76.93,"601","6D",404300,137600,38.906,-76.951
"32","Adult Arrest",2019,2019-04-05,6,"a6cadd0a59bca6a499475a3c7c179c3b2c5970139b8c79a4f2c25372674f2d22","0019aa17cbd11b359b66a093ca07807c482d2b678364f26e83b7ef941d63a0ab",28,202,"2D","BLACK","NOT HISPANIC","FEMALE","Robbery","Robbery",101,"1D",398100,136900,38.9,-77.022,"101","1D",398100,136900,38.9,-77.022
"33","Adult Arrest",2019,2019-04-09,7,"8ed1c845761fa58db2d4d1d32dd87499475f656c9ea42d3cee742fec759cc381","02ef361020452a295fbe3d43782b7be5362c085d47906ed52381e6c6946da430",22,604,"6D","BLACK","UNKNOWN","MALE","Homicide","Murder I",604,"6D",405300,134900,38.882,-76.939,"604","6D",405900,135100,38.883,-76.932
"34","Adult Arrest",2019,2019-04-10,4,"6e254eb6e0dc0c3ab8daebebfc91a4f37ad119755acb72dac7930c5982b938a2","f21c967c0263ded531a73d6e68e4dd560643d6ab841df549ab021f116d762da8",19,403,"4D","BLACK","NOT HISPANIC","MALE","Weapon Violations","Carrying a Pistol Without a License (Outside Home or Place of Business) 2015",402,"4D",397500,143800,38.962,-77.029,"402","4D",397500,143800,38.962,-77.028
"35","Adult Arrest",2019,2019-04-23,11,"83c17a1088f62faa7eba8abdd3e7b54bf188e67f60fe6625d42badcddd8154c2","d089d2742b2aa817aa03f90e730527b485bdf827fc4ec8ba9abb05f3ba6c4f10",31,406,"4D","BLACK","NOT HISPANIC","FEMALE","Damage to Property","Destruction Of Property Less Than $1000",406,"4D",399700,143400,38.959,-77.004,"402","4D",397600,143900,38.963,-77.027
"36","Adult Arrest",2019,2019-04-23,6,"91bd3894e0de8dd4617eff77bac6bc7fb24e8a45f700a017c0dd86f4fca8d6af","617684ceb6840f1694e33c634d51f6dbbfff0e65e68fb36e5f259befa464c308",18,408,"4D","BLACK","UNKNOWN","MALE","Homicide","Murder I",405,"4D",398600,140200,38.93,-77.016,"705","7D",400300,130900,38.846,-76.996
"37","Adult Arrest",2019,2019-04-24,1,"83c17a1088f62faa7eba8abdd3e7b54bf188e67f60fe6625d42badcddd8154c2","a7ca15910b742fb762a4c59447e21cb7c43c1906ea5607b4d61dec8d896c920f",36,407,"4D","BLACK","NOT HISPANIC","FEMALE","Damage to Property","Destruction Of Property Less Than $1000",406,"4D",399700,143400,38.959,-77.004,"402","4D",397600,143900,38.963,-77.027
"38","Adult Arrest",2019,2019-04-24,11,"ad8462bc5ea08b8c8959b5bd71cba73b9a540aa20856f06fe890fb198275c8ec","4e7529e13898453ba26136404a4c0701302b77de7365e569c22679f45c550071",37,NA,"","BLACK","UNKNOWN","MALE","Burglary","Burglary One",503,"5D",402300,138600,38.915,-76.974,"707","7D",399800,129600,38.834,-77.003
"39","Adult Arrest",2019,2019-04-24,11,"f30185b8d8c2b89bf30b85058d0701c0628769ec1784a5fc437b2db23a602614","ca30a223f85e97ea18362c80637ec6daf3e4fcc3437ff2a9f7d7cf5100123208",39,607,"6D","BLACK","HISPANIC","MALE","Other Crimes","Resisting Arrest",607,"6D",402300,133100,38.865,-76.974,"607","6D",402300,133100,38.865,-76.974
"40","Adult Arrest",2019,2019-04-24,7,"58c6e3c3eeb202d8135b9c50021ff000d8caecca83082e056c082ca5f1acf1e7","3ef63f0fb0bd9ac642948418dcf02438c1f65d93e588da06435d064c30d23c8e",33,604,"6D","BLACK","NOT HISPANIC","MALE","Weapon Violations","Carrying a Pistol Without a License (Outside Home or Place of Business) 2015",604,"6D",405900,135000,38.883,-76.932,"604","6D",405900,135000,38.883,-76.932
"41","Adult Arrest",2019,2019-04-24,8,"91bd3894e0de8dd4617eff77bac6bc7fb24e8a45f700a017c0dd86f4fca8d6af","ec6c5e173e766a21bf41d2612e4a43b8405d3f6bdf05b7fbe524301f00febb15",26,707,"7D","BLACK","UNKNOWN","MALE","Homicide","Murder I",707,"7D",400100,130700,38.844,-76.998,"705","7D",400300,130900,38.846,-76.996
"42","Adult Arrest",2019,2019-04-25,12,"f30185b8d8c2b89bf30b85058d0701c0628769ec1784a5fc437b2db23a602614","2f6f9262339c9e5252aac510404d8ef68c0bc343d26a2d262fc46c9cd18ed6fe",28,607,"6D","WHITE","HISPANIC","FEMALE","Other Crimes","Resisting Arrest",607,"6D",402200,133000,38.865,-76.974,"607","6D",402300,133100,38.865,-76.974
"43","Adult Arrest",2019,2019-05-02,7,"1426297f1a5a48e3e077e2a4471e2490e120fc64246ca12b9bc3d3ddb069ce46","52e96b10f30e08b0981e3ca8cf528991f1cd55ec14d67ebf953102f0e99bdcb1",28,409,"4D","BLACK","UNKNOWN","MALE","Traffic Violations","Operation of all-terrain vehicles and dirt bikes",105,"1D",398900,134300,38.877,-77.013,"607","6D",403500,133400,38.869,-76.96
"44","Adult Arrest",2019,2019-05-03,11,"ec9241750f9ab02b8f3a961c02d1afd74f77f209060c9fe883b08d7755e77437","ebdcda8ce351e767ffa125043b3d83fe37536a8f5ee92c6c9c1760b227c0cc45",27,NA,"","BLACK","UNKNOWN","FEMALE","Simple Assault","Simple Assault",301,"3D",397200,139000,38.919,-77.032,"301","3D",397200,139000,38.919,-77.032
"45","Adult Arrest",2019,2019-05-03,7,"a0d5ac20a2569982363f1f62bf8cd069eab199862a00efbae602a03205cd0f70","8b63a58cc2d191e7054c368cf72461915db75cac3fc602c802d52a57a626228a",28,402,"4D","BLACK","UNKNOWN","MALE","Simple Assault","Simple Assault",608,"6D",406100,136900,38.9,-76.93,"402","4D",397600,143800,38.962,-77.028
"46","Adult Arrest",2019,2019-05-04,12,"ec9241750f9ab02b8f3a961c02d1afd74f77f209060c9fe883b08d7755e77437","db0d7080a600b2ac3aff93824f2f5e72b82d39a21d7fb86bcec8b160dc86c111",25,301,"3D","BLACK","NOT HISPANIC","MALE","Simple Assault","Simple Assault",301,"3D",397200,139000,38.919,-77.032,"301","3D",397200,139000,38.919,-77.032
"47","Adult Arrest",2019,2019-05-06,10,"30f5cc1769986221d86f5f81492c8eb4412315c70814108c2ade99570f9faab6","82a7ce7e06e84b27a022779b103696967f813418f0edb2a8930f54862d70c657",20,NA,"","BLACK","NOT HISPANIC","MALE","Burglary","Burglary Two",102,"1D",398600,136300,38.894,-77.017,"208","2D",396000,138300,38.913,-77.046
"48","Adult Arrest",2019,2019-05-06,7,"a0d5ac20a2569982363f1f62bf8cd069eab199862a00efbae602a03205cd0f70","b8785bf890e0d038fb426bd41b05d7d92b6319ab682d215e453289f77a1f7b8b",28,502,"5D","BLACK","UNKNOWN","MALE","Simple Assault","Simple Assault",702,"7D",402600,131700,38.853,-76.97,"402","4D",397600,143800,38.962,-77.028
"49","Adult Arrest",2019,2019-05-07,7,"6e254eb6e0dc0c3ab8daebebfc91a4f37ad119755acb72dac7930c5982b938a2","b97a84645b2a66bc3943da0cfd81fbe64275e1f7132ee0a261ea1e130f8976eb",22,403,"4D","BLACK","NOT HISPANIC","MALE","Weapon Violations","Carrying a Pistol Without a License (Outside Home or Place of Business) 2015",NA,"",NA,NA,NA,NA,"402","4D",397500,143800,38.962,-77.028
"50","Adult Arrest",2019,2019-05-08,4,"607475f28e005711c52a0570817b728dc7cd8b202c719872891587b375c10b2a","84db72c446b464577a972eff2b278fa7e253e26138c08130ee5df8b90680d696",29,604,"6D","BLACK","UNKNOWN","MALE","Aggravated Assault","Assault With Significant Bodily Injury",604,"6D",405900,134300,38.877,-76.932,"604","6D",405900,134200,38.876,-76.932
"51","Adult Arrest",2019,2019-05-16,11,"1dfd0b4f122a8fc6588dbd687927ab5a73d5e681d56f0f84feb1129383540984","4d6a44cf9e3867344f298655b6e465ebc7fe868b35cd4a0de456d9ac04e4b06f",20,NA,"","BLACK","UNKNOWN","FEMALE","Robbery","Robbery",402,"4D",397600,143900,38.963,-77.027,"401","4D",397700,145900,38.981,-77.026
"52","Adult Arrest",2019,2019-05-16,9,"a73dd3056af500dc938e88df0f7d9f6c89e92d18ced890177b65f110f941873c","5dd42bc4534e5f8c2638103dd71a5357b7ef21c3794ed21401e742e57b017d08",40,602,"6D","BLACK","NOT HISPANIC","MALE","Narcotics","Poss W/i To Dist A Controlled Substance",602,"6D",404600,136500,38.897,-76.947,"602","6D",404600,136500,38.897,-76.947
"53","Adult Arrest",2019,2019-05-20,9,"790ac880d0a92a2939a46c3aeafe38385b5c2511759fe9b2c3a439baa6aee461","6879c300d38e95cdcc56358dab9e641d4adf3d853f019ff853c52cdbcaacbd77",23,NA,"","BLACK","NOT HISPANIC","MALE","Other Crimes","Unlawful Entry",708,"7D",399800,128200,38.821,-77.002,"708","7D",399800,128200,38.821,-77.002
"54","Adult Arrest",2019,2019-05-22,8,"a3b9a5855200fc2e53b665271b054c727b325aa5ee261387774fdaa757c9c5c4","ab8c5bb8325720529c78cb44e4782d787c82acfc91aea6456047d86a77c8f623",25,706,"7D","BLACK","NOT HISPANIC","MALE","Assault with a Dangerous Weapon","Assault W/i To Kill",706,"7D",401200,129600,38.834,-76.986,"708","7D",399900,128200,38.822,-77.001
"55","Adult Arrest",2019,2019-05-23,3,"a3b9a5855200fc2e53b665271b054c727b325aa5ee261387774fdaa757c9c5c4","47ecbda69d327a3b83037b683307ed6d651534eaf760fe87ba76962f019f7943",26,NA,"","BLACK","NOT HISPANIC","MALE","Assault with a Dangerous Weapon","Assault W/i To Kill",702,"7D",402600,131700,38.853,-76.97,"708","7D",399900,128200,38.822,-77.001
"56","Adult Arrest",2019,2019-05-26,7,"f82ad9ae6db922b78ea1af31bfcd1c68d26d7f3c6ff08d7d34fdd4af636cec3a","d88c5bcc8f28ce96e8dbf84c6b54562d21a4bb01c69ed02c6133055a034eb01e",33,408,"4D","BLACK","NOT HISPANIC","MALE","Liquor Law Violations","Possession Of An Open Container Of Alcohol (poca)",408,"4D",397300,140500,38.933,-77.032,"408","4D",397300,140500,38.933,-77.032
"57","Adult Arrest",2019,2019-05-28,11,"c5066491c3483f9e0f3fe30dd3d72c10198679cb84c7ca3444f0fc3bdff7ca9b","de02603d855375ee4c139f7ddfe4dfc8cdd15080a4dec9e0b30658d8957c24b3",34,NA,"","BLACK","NOT HISPANIC","MALE","Assault with a Dangerous Weapon","Assault With A Dangerous Weapon",604,"6D",405600,134900,38.882,-76.935,"604","6D",405600,134900,38.882,-76.935
"58","Adult Arrest",2019,2019-05-29,12,"c5066491c3483f9e0f3fe30dd3d72c10198679cb84c7ca3444f0fc3bdff7ca9b","2b9d6eadacbdcec9f2e440771c5259948c104ed2f563b6bfbeed5579dd9a0d73",59,604,"6D","BLACK","NOT HISPANIC","FEMALE","Simple Assault","Simple Assault",604,"6D",405600,134900,38.882,-76.935,"604","6D",405600,134900,38.882,-76.935
"59","Adult Arrest",2019,2019-05-29,6,"790ac880d0a92a2939a46c3aeafe38385b5c2511759fe9b2c3a439baa6aee461","50bfb2be1de1f3634ce1edb488de8b2dd17405d3302574cd8ad4083bc948a53e",25,708,"7D","BLACK","NOT HISPANIC","MALE","Other Crimes","Unlawful Entry",708,"7D",399800,128200,38.821,-77.002,"708","7D",399800,128200,38.821,-77.002
"60","Adult Arrest",2019,2019-05-30,8,"22dceb5f8308756188d020dbb249a75a9025231fba02acfe2a239cb086e98705","791f243ae3d31d545db6e04f4c2218a2767f42905c5cade016e7fcc4101e3ff7",23,507,"5D","BLACK","NOT HISPANIC","MALE","Traffic Violations","Operation of all-terrain vehicles and dirt bikes",507,"5D",402200,137400,38.904,-76.974,"604","6D",407200,135500,38.888,-76.917
"61","Adult Arrest",2019,2019-06-06,2,"ead345813279e9c781eeb0361702cced7407e950ac3ab1a9e6bdef9e7ce3ff23","50463a659f8994c6efe60417fe46992eb584f4d51a085bc005befe797daf8b3e",18,701,"7D","BLACK","NOT HISPANIC","FEMALE","Homicide","Murder I",702,"7D",402600,131700,38.853,-76.97,"106","1D",401300,134800,38.881,-76.985
"62","Adult Arrest",2019,2019-06-06,7,"9702bcc4c2181258288a6d6988ccb99c5c03aaf5693a161a9589be021e5c481b","08aae1f35eed78591de38404429ae3d101ebfc805ce9191cd9fe65847b482bbf",18,602,"6D","BLACK","NOT HISPANIC","MALE","Theft from Auto","Theft Second Degree (theft From Motor Vehicle)",702,"7D",402600,131700,38.853,-76.97,"101","1D",398000,136900,38.9,-77.024
"63","Adult Arrest",2019,2019-06-11,5,"607475f28e005711c52a0570817b728dc7cd8b202c719872891587b375c10b2a","8165bd80a4830bed8bf7683251e25cddeb95abbb8765bd15b0f0d4f888747528",24,604,"6D","BLACK","UNKNOWN","MALE","Assault with a Dangerous Weapon","Assault With A Dangerous Weapon",604,"6D",406000,134300,38.877,-76.931,"604","6D",405900,134200,38.876,-76.932
"64","Adult Arrest",2019,2019-06-11,7,"869d89e400e7065adbaf5ca384de99869cedb74a5b85c2bb8a1aeacf66a4aa75","1a28559d78350a7a7c1e10e1b6d4150a09d791444ca286ed514f05063f1a978e",22,602,"6D","BLACK","NOT HISPANIC","FEMALE","Traffic Violations","Leaving After Colliding - Personal Injury",608,"6D",406100,136900,38.9,-76.93,"702","7D",402600,131800,38.854,-76.97
"65","Adult Arrest",2019,2019-06-11,9,"b799b9ad21d9966c6c5b864695aca40489d70dd22dacc5633b56f3a6328e7b69","02cfed99aa8d97183db7fa01c294afd26746594bb6d773cfe386a5042ddce561",28,605,"6D","BLACK","NOT HISPANIC","MALE","Homicide","Murder I",603,"6D",405000,135300,38.885,-76.943,"605","6D",404700,133400,38.869,-76.946
"66","Adult Arrest",2019,2019-06-12,10,"22dceb5f8308756188d020dbb249a75a9025231fba02acfe2a239cb086e98705","be2a72f4e0d221149cf9f95f5c377e85fe456bb6c6728c5eae084942a48ae3b7",21,NA,"","BLACK","NOT HISPANIC","MALE","Traffic Violations","Operation of all-terrain vehicles and dirt bikes",507,"5D",402200,137400,38.904,-76.974,"604","6D",407200,135500,38.888,-76.917
"67","Adult Arrest",2019,2019-06-12,7,"869d89e400e7065adbaf5ca384de99869cedb74a5b85c2bb8a1aeacf66a4aa75","f8b1d1e1686ab91d47591c0ae86c58175858d4f0e244e7f4d74520f4d74dc81e",22,704,"7D","BLACK","NOT HISPANIC","MALE","Traffic Violations","Leaving After Colliding - Personal Injury",704,"7D",401800,131100,38.847,-76.979,"702","7D",402600,131800,38.854,-76.97
"68","Adult Arrest",2019,2019-06-13,10,"30f5cc1769986221d86f5f81492c8eb4412315c70814108c2ade99570f9faab6","2ef397d3adc5e4e90a9062e49bee4e64f10450f9edde96e1c71d0b67435d8f53",24,106,"1D","BLACK","NOT HISPANIC","MALE","Burglary","Burglary Two",204,"2D",393500,140800,38.935,-77.075,"208","2D",396000,138300,38.913,-77.046
"69","Adult Arrest",2019,2019-06-20,11,"8ed1c845761fa58db2d4d1d32dd87499475f656c9ea42d3cee742fec759cc381","9ed0e5a72906ec059591ce445cf1c2558b52df8348e8f327f3a6fcdc96b2dab2",19,604,"6D","BLACK","NOT HISPANIC","MALE","Homicide","Murder I",704,"7D",401700,130900,38.846,-76.98,"604","6D",405900,135100,38.883,-76.932
"70","Adult Arrest",2019,2019-06-21,11,"ead345813279e9c781eeb0361702cced7407e950ac3ab1a9e6bdef9e7ce3ff23","633f629f18182cb806ddcc61121337a20fc0e3a4d1e94fc3c791bfaa71a24519",19,604,"6D","BLACK","NOT HISPANIC","MALE","Homicide","Murder I",406,"4D",400100,143100,38.955,-76.999,"106","1D",401300,134800,38.881,-76.985
"71","Adult Arrest",2019,2019-06-26,3,"c792e9c3e4bfa88df9c5ed83595d5a90f5e86ee774f1f2f02b905db3459850aa","bcf2f8df1ed110b28de6bec3099595cf7df758283caba157e76bbe2465a9dd52",25,507,"5D","BLACK","NOT HISPANIC","MALE","Homicide","Murder I",NA,"",NA,NA,NA,NA,"507","5D",401900,136800,38.899,-76.979
"72","Adult Arrest",2019,2019-06-30,7,"47c42f8255fb91d525bc58931754e72a5197591a7bf58a8f3dd7f3e5190a6abc","7c7439c5ce7fc1ad6a03484cb3578ffde38fbe312077f9b949f33b3e7aae649d",21,301,"3D","BLACK","UNKNOWN","MALE","Homicide","Murder I",306,"3D",398200,138900,38.918,-77.021,"301","3D",397200,139000,38.919,-77.033
"73","Adult Arrest",2019,2019-07-02,6,"d15476db501f2acbb5f5b1a870045ce76101e051bb971a1bed630230c15858cd","fbf45ecffd2a146fe4aeffdc70108a8ff090422a9403aa71f49107ec4a5c3875",27,703,"7D","BLACK","NOT HISPANIC","FEMALE","Burglary","Burglary One",703,"7D",400900,132300,38.858,-76.989,"706","7D",401100,129400,38.832,-76.988
"74","Adult Arrest",2019,2019-07-05,7,"1426297f1a5a48e3e077e2a4471e2490e120fc64246ca12b9bc3d3ddb069ce46","d3ce112b815bdca1780bb70b3a4b4d1b7c949350b10ea5cc4a204363653c47d6",22,607,"6D","BLACK","UNKNOWN","MALE","Traffic Violations","Operation of all-terrain vehicles and dirt bikes",507,"5D",402400,137300,38.904,-76.972,"607","6D",403500,133400,38.869,-76.96
"75","Adult Arrest",2019,2019-07-08,1,"47c42f8255fb91d525bc58931754e72a5197591a7bf58a8f3dd7f3e5190a6abc","6c7c830d1d1e8a7d86cc275a2c4eebb219bec67fe7d8b002d78c6dc93b79a906",22,602,"6D","BLACK","NOT HISPANIC","MALE","Homicide","Murder I",403,"4D",NA,NA,NA,NA,"301","3D",397200,139000,38.919,-77.033
"76","Adult Arrest",2019,2019-07-08,1,"3c1940b61346eb2add229ce0be17df951f702ce937ac9a66d52c65b68b0d732d","04eb66fc00f943b142e4424e8b2304730eb370494fe75400807dd25e44df867a",33,107,"1D","BLACK","UNKNOWN","MALE","Liquor Law Violations","Possession Of An Open Container Of Alcohol (poca)",105,"1D",398900,134300,38.877,-77.013,"107","1D",400700,135100,38.883,-76.992
"77","Adult Arrest",2019,2019-07-09,5,"f82ad9ae6db922b78ea1af31bfcd1c68d26d7f3c6ff08d7d34fdd4af636cec3a","979166b1dde8b24bac68a4bb1d7a0fff8c6d27e170fdc87419bfa96ce1b37941",27,408,"4D","BLACK","UNKNOWN","MALE","Other Crimes","Obstruction Justice (harassment - Arrest) (intimidation)",408,"4D",397300,140500,38.932,-77.031,"408","4D",397300,140500,38.933,-77.032
"78","Adult Arrest",2019,2019-07-09,9,"1b797931c5debab8becdd72f85fcbf464f2f851ed4a5cb983d1513dac476b351","206856f5b52c9b81218e276fd028935d00c4ca62fce992123e70d38a49a17169",37,608,"6D","BLACK","UNKNOWN","MALE","Aggravated Assault","Assault",608,"6D",407400,136500,38.896,-76.915,"608","6D",407400,136500,38.896,-76.915
"79","Adult Arrest",2019,2019-07-12,5,"1b797931c5debab8becdd72f85fcbf464f2f851ed4a5cb983d1513dac476b351","36604d99fb0800e19f4bbcbdf1c75f735a1ebeb568ea9682f0867702b4741808",29,NA,"","BLACK","NOT HISPANIC","MALE","Aggravated Assault","Assault",608,"6D",407600,136300,38.894,-76.912,"608","6D",407400,136500,38.896,-76.915
"80","Adult Arrest",2019,2019-07-18,10,"93b9818cce6f27ccb42385b598040297bd2e20184564bc9456c1b94445bbcabb","f5621a3a4d2edd7184af284d110de93ca9d2f5bb3faa4789224dfa53a4e010a4",19,507,"5D","BLACK","UNKNOWN","MALE","Robbery","Robbery",503,"5D",402300,138600,38.915,-76.974,"503","5D",403200,139600,38.925,-76.963
"81","Adult Arrest",2019,2019-07-24,11,"1dfd0b4f122a8fc6588dbd687927ab5a73d5e681d56f0f84feb1129383540984","4c21fef5e20c91650acbb63f415480c08106e6a4aeb643b265a30f29e6ee401a",24,NA,"","BLACK","UNKNOWN","MALE","Robbery","Robbery",402,"4D",397600,143900,38.963,-77.027,"401","4D",397700,145900,38.981,-77.026
"82","Adult Arrest",2019,2019-07-24,9,"3c1940b61346eb2add229ce0be17df951f702ce937ac9a66d52c65b68b0d732d","51ee6cd584d04b49fc392bb405992389ab1c7efc08136767edea432850c5c427",30,107,"1D","WHITE","NOT HISPANIC","MALE","Liquor Law Violations","Possession Of An Open Container Of Alcohol (poca)",105,"1D",398900,134300,38.877,-77.013,"107","1D",400700,135100,38.883,-76.992
"83","Adult Arrest",2019,2019-07-26,10,"c792e9c3e4bfa88df9c5ed83595d5a90f5e86ee774f1f2f02b905db3459850aa","4d4653e5af02dfe458a77630b7f01e1c4825cb949cfb758241864d8cd19fb5fe",22,104,"1D","BLACK","NOT HISPANIC","MALE","Assault with a Dangerous Weapon","Assault W/i To Kill",105,"1D",398900,134300,38.877,-77.013,"507","5D",401900,136800,38.899,-76.979
"84","Adult Arrest",2019,2019-07-29,12,"a9f1ec9946c395a8a38b07d5472d1633823ab3f5a0222adbb39ad5b1664ea1b5","a276749faf91de00ee6cbefd2dc74b31ac288d480805b125395b77bef3c36dfa",24,708,"7D","BLACK","UNKNOWN","MALE","Prostitution","Sex Trafficking Of Children",102,"1D",398200,136300,38.895,-77.02,"302","3D",397400,140300,38.931,-77.03
"85","Adult Arrest",2019,2019-07-30,11,"1dfd0b4f122a8fc6588dbd687927ab5a73d5e681d56f0f84feb1129383540984","363f232b8ac5309e49b584b95a3d68b0b2679f5e99a2fb83f9a249117d17a4cd",24,608,"6D","BLACK","UNKNOWN","FEMALE","Robbery","Robbery",402,"4D",397600,143900,38.963,-77.027,"401","4D",397700,145900,38.981,-77.026
"86","Adult Arrest",2019,2019-07-30,11,"a9f1ec9946c395a8a38b07d5472d1633823ab3f5a0222adbb39ad5b1664ea1b5","65e4b4bb3546160ecbea6c27dd6bff77f28c56cccc2e550fcefd3bc3e05db1f4",26,NA,"","BLACK","NOT HISPANIC","FEMALE","Prostitution","Sex Trafficking Of Children",102,"1D",398600,136100,38.893,-77.016,"302","3D",397400,140300,38.931,-77.03
"87","Adult Arrest",2019,2019-07-30,8,"93b9818cce6f27ccb42385b598040297bd2e20184564bc9456c1b94445bbcabb","55595ae5c0e8b68ea01dfc6fbf35890e15be1b6db1bbf340e93c11fd4d99ffa0",20,503,"5D","BLACK","NOT HISPANIC","MALE","Robbery","Robbery",503,"5D",402500,140300,38.931,-76.972,"503","5D",403200,139600,38.925,-76.963
"88","Adult Arrest",2019,2019-07-30,9,"e90dfd6f1f48358ec5c36c9d8bbe99741d953511d9c13c9c0acc880fc207f6d2","8946ae42ae49f6ed38481b1c4f6f99f55355c24a7329eb0f66080838f1798936",62,507,"5D","BLACK","UNKNOWN","MALE","Disorderly Conduct","Illegal Dumping",507,"5D",401900,136200,38.894,-76.979,"603","6D",404000,136100,38.893,-76.954
"89","Adult Arrest",2019,2019-08-05,2,"d15476db501f2acbb5f5b1a870045ce76101e051bb971a1bed630230c15858cd","997aaaa238c4636ab2dfe181a5c01318a1f2112cb94d08bf3008e669379d36d1",51,NA,"","BLACK","NOT HISPANIC","MALE","Burglary","Burglary One",603,"6D",404300,136200,38.893,-76.951,"706","7D",401100,129400,38.832,-76.988
"90","Adult Arrest",2019,2019-08-07,12,"9702bcc4c2181258288a6d6988ccb99c5c03aaf5693a161a9589be021e5c481b","ad78797f0c8a4ed7cd6c2209075ff5469190e47a33242da195ddf5a1abd04511",19,707,"7D","BLACK","NOT HISPANIC","MALE","Theft from Auto","Theft Second Degree (theft From Motor Vehicle)",102,"1D",398400,136200,38.894,-77.019,"101","1D",398000,136900,38.9,-77.024
"91","Adult Arrest",2019,2019-08-13,4,"0c986df82988a5fd91eee24b6df087f83a4175a76d65d0bb225e88d194d0abe6","4404315a36eef2a740afe4e4425d7cc8d7721e59dc6ad3a71a8dc3446ecca9b7",23,602,"6D","BLACK","NOT HISPANIC","MALE","Assault with a Dangerous Weapon","Assault With A Dangerous Weapon",608,"6D",405400,135800,38.89,-76.937,"604","6D",405500,135700,38.889,-76.937
"92","Adult Arrest",2019,2019-08-14,1,"ffbc2bf1966e167be886dfe12a516f30ffd0f08b8c0d326b7663342210c38126","568df73ab88fc095aa7d6718a64771c717739f235c875a7901bb1e94fff59bca",42,507,"5D","BLACK","UNKNOWN","MALE","Robbery","Robbery",701,"7D",400900,133100,38.865,-76.99,"507","5D",401600,136900,38.9,-76.982
"93","Adult Arrest",2019,2019-08-15,4,"ffbc2bf1966e167be886dfe12a516f30ffd0f08b8c0d326b7663342210c38126","fe75539b662110a73c758c45be9b28ec4ee3cdecc919e40ba1c1d528b860aec6",29,602,"6D","BLACK","NOT HISPANIC","MALE","Assault with a Dangerous Weapon","Assault With A Dangerous Weapon",507,"5D",401600,136900,38.9,-76.982,"507","5D",401600,136900,38.9,-76.982
"94","Adult Arrest",2019,2019-08-16,10,"e90dfd6f1f48358ec5c36c9d8bbe99741d953511d9c13c9c0acc880fc207f6d2","31fa16dc4fe4f230a7eb95d869407c0dd649f4914df2072ce512e516aefdd218",61,505,"5D","BLACK","NOT HISPANIC","MALE","Disorderly Conduct","Illegal Dumping",102,"1D",398600,136300,38.894,-77.017,"603","6D",404000,136100,38.893,-76.954
"95","Adult Arrest",2019,2019-08-16,4,"0c986df82988a5fd91eee24b6df087f83a4175a76d65d0bb225e88d194d0abe6","3e06e5a9b38ce3c357dde1cbff90ca838aacfe130845634c77ff694ec9aa0601",23,604,"6D","BLACK","NOT HISPANIC","MALE","Assault with a Dangerous Weapon","Assault With A Dangerous Weapon",701,"7D",401600,132800,38.863,-76.981,"604","6D",405500,135700,38.889,-76.937
"96","Adult Arrest",2019,2019-08-27,11,"1f09bf30b222128a2263cce62921d82605cde8ff50fcdd445150b043c03624e9","93f4428880591f24d982971ad392d5e35f7c7666dc10612c19fed9b51456a791",18,707,"7D","BLACK","NOT HISPANIC","MALE","Weapon Violations","CPWOL Outside Home or Business in violation of 2nd Emergency Act of 2014 Act 20-0564",707,"7D",400200,130900,38.846,-76.998,"707","7D",400200,130900,38.846,-76.998
"97","Adult Arrest",2019,2019-08-27,7,"76c9ea4106c92392b565e5a29b6a8c20e0c1bb35b0855c3e845abc8779e3c45f","a65f1203c45aaf6d00e3abc26c3a88a135503233954a8d95177eb5e7d08e12d9",26,302,"3D","BLACK","NOT HISPANIC","FEMALE","Simple Assault","Simple Assault",302,"3D",396900,140000,38.928,-77.036,"302","3D",396900,140000,38.928,-77.036
"98","Adult Arrest",2019,2019-09-02,8,"5b83321b0a9ab14ebf1e515a6b29840aede2096229e245ae1d210c684c36fef1","24798c323070d8742171ec4fb6acbb61e94bee87221b33351bcb7ae912f47aaf",22,304,"3D","BLACK","HISPANIC","MALE","Aggravated Assault","Aggravated Assault",101,"1D",398100,136900,38.9,-77.022,"101","1D",398100,136900,38.9,-77.022
"99","Adult Arrest",2019,2019-09-03,4,"76c9ea4106c92392b565e5a29b6a8c20e0c1bb35b0855c3e845abc8779e3c45f","1140905ccae51151bae02d453e72f994123c5be6a2af261a68e059bd32923521",28,607,"6D","BLACK","NOT HISPANIC","MALE","Simple Assault","Simple Assault",302,"3D",396900,140000,38.928,-77.036,"302","3D",396900,140000,38.928,-77.036
"100","Adult Arrest",2019,2019-09-03,9,"f05466f085370396f469ea44dcc13b7b9184af46b2c8e73c65f731f5a197b0f1","47a2e347664a65f9a85cb57a7c12b4e42635c7bd352fa086bdc073e93e7e2a24",23,608,"6D","BLACK","NOT HISPANIC","FEMALE","Simple Assault","Simple Assault",702,"7D",402600,131700,38.853,-76.97,"102","1D",398400,136200,38.894,-77.019
"101","Adult Arrest",2019,2019-09-04,1,"f05466f085370396f469ea44dcc13b7b9184af46b2c8e73c65f731f5a197b0f1","04b478d9fcb3550df4c3accc9d7d8fff85587ddcfc36c59cdfec5fe522cad9c0",43,608,"6D","BLACK","NOT HISPANIC","FEMALE","Simple Assault","Simple Assault",608,"6D",406100,136900,38.9,-76.93,"102","1D",398400,136200,38.894,-77.019
"102","Adult Arrest",2019,2019-09-05,4,"3396cd623505783cb3ee65a40dc00920b8e3f91c16164b419c04bb6817c254da","3368d91882076f94b300bd808e60a9e5c243c09a164357bb2823770bb669bb72",24,605,"6D","BLACK","NOT HISPANIC","MALE","Other Crimes","Resisting Arrest",302,"3D",397200,140000,38.928,-77.032,"403","4D",397900,143500,38.959,-77.025
"103","Adult Arrest",2019,2019-09-06,7,"08bd06a9c1c3a7a4811cb4d5fc8641e6ed5e4c23c01ae1036a2056bc1ffeea3a","56bad53f3488397a23f91b2721636444c5a913ca1b828666d12ca4211998f0bd",25,302,"3D","BLACK","NOT HISPANIC","MALE","Theft","Shoplifting",206,"2D",394200,138500,38.914,-77.067,"206","2D",394200,138700,38.916,-77.067
"104","Adult Arrest",2019,2019-09-09,2,"5b83321b0a9ab14ebf1e515a6b29840aede2096229e245ae1d210c684c36fef1","6d31c5052a261b2b652bb8b5593d1091d5207946f08f776bf36aff72db8aa745",20,NA,"","BLACK","NOT HISPANIC","FEMALE","Simple Assault","Simple Assault",101,"1D",398100,136900,38.9,-77.022,"101","1D",398100,136900,38.9,-77.022
"105","Adult Arrest",2019,2019-09-10,7,"3396cd623505783cb3ee65a40dc00920b8e3f91c16164b419c04bb6817c254da","edd9cecc1fa7f68ed212bfabc316bc8afc484189da749cae650d1e72020e56d5",32,NA,"","UNKNOWN","HISPANIC","MALE","Burglary","Burglary One",204,"2D",393500,140800,38.935,-77.075,"403","4D",397900,143500,38.959,-77.025
"106","Adult Arrest",2019,2019-09-11,8,"705f21e917ae04d4abff4b4447fc7d6331a9ebc73d8910722596023e42e37b63","564f210e3cb8fa3da6e0bf25024b394062267b839d1c977d4a412afb91a1362f",27,707,"7D","BLACK","NOT HISPANIC","MALE","Simple Assault","Simple Assault",707,"7D",399900,131200,38.848,-77.001,"603","6D",404200,136300,38.895,-76.951
"107","Adult Arrest",2019,2019-09-24,8,"4957fbddd7170ca14775c441adcb37d71a314fd6e15071b31db0a26610496a13","d956d8b206843b3532075a6ee5f546aac439b5ff4e747499caa9cc121b346f57",27,606,"6D","BLACK","UNKNOWN","MALE","Theft","Theft First Degree (all Other Larceny)",102,"1D",398600,136300,38.894,-77.017,"106","1D",399800,135500,38.887,-77.002
"108","Adult Arrest",2019,2019-09-25,7,"4e34e57426e1189d96a83577659c022be8766d3f2cc64caf862de0a1aaa02567","c1e08bb37283b8e0f1417412ad8b88d7a9aacb3709665b654dea3cf7b59dcc81",51,208,"2D","WHITE","NOT HISPANIC","MALE","Narcotics","Poss W/i To Dist Marijuana-fel",208,"2D",395700,138100,38.911,-77.05,"208","2D",395700,138100,38.911,-77.05
"109","Adult Arrest",2019,2019-09-30,10,"d5530cf4346a48182167fe30b1b38cc86e86613fb7a477b35c78040cc2c546a4","c7a221c1ccfff5cdca9d4ceb47adbbdff3774ebbf3380cbe638e1e25d3ca91b2",29,105,"1D","BLACK","NOT HISPANIC","MALE","Assault with a Dangerous Weapon","Assault With A Dangerous Weapon",105,"1D",399000,133800,38.872,-77.012,"105","1D",399100,133900,38.873,-77.011
"110","Adult Arrest",2019,2019-09-30,7,"4957fbddd7170ca14775c441adcb37d71a314fd6e15071b31db0a26610496a13","3f67e95e0383a31a63cab9844a5ef5f8d4767e0a4559323d2a33751e028a9607",43,NA,"","BLACK","UNKNOWN","MALE","Release Violations/Fugitive","Bench Warrant",102,"1D",398600,136300,38.894,-77.017,"106","1D",399800,135500,38.887,-77.002
"111","Adult Arrest",2019,2019-10-01,11,"08bd06a9c1c3a7a4811cb4d5fc8641e6ed5e4c23c01ae1036a2056bc1ffeea3a","8eeb8ddb9673c5241bafbb661f6387dd3a0881b70fa5a75483508ae4578a558f",25,504,"5D","BLACK","NOT HISPANIC","MALE","Theft","Theft Second Degree (all Other Larceny)",102,"1D",398400,136200,38.894,-77.019,"206","2D",394200,138700,38.916,-77.067
"112","Adult Arrest",2019,2019-10-02,10,"d5530cf4346a48182167fe30b1b38cc86e86613fb7a477b35c78040cc2c546a4","c6ec626e3e5a0b192ad140e6876875afb1f4722673a2ad6056e40a2ab02f8930",19,102,"1D","BLACK","NOT HISPANIC","MALE","Robbery","Robbery",504,"5D",400600,139400,38.922,-76.994,"105","1D",399100,133900,38.873,-77.011
"113","Adult Arrest",2019,2019-10-05,7,"fc5613b905749843884907008e73dbd046b5d7532d4268afe8940920460724f2","e606355527b0b4fb76e4230157751797accdbaed9cffc1978200d470192e49a0",38,NA,"","BLACK","NOT HISPANIC","MALE","Aggravated Assault","Aggravated Assault",304,"3D",397200,139600,38.924,-77.033,"304","3D",397100,139400,38.922,-77.034
"114","Adult Arrest",2019,2019-10-07,12,"a5214cd71f90201c43469575a34f8abba4ec9fa546984f4cf4c001ac6e99caae","44cfef36158edcb6cfe7d6c1b612d524ea636420a5b95a2844c07a9a7ffaaa81",38,NA,"","BLACK","NOT HISPANIC","MALE","Kidnapping","Kidnapping",503,"5D",402300,138600,38.915,-76.974,"104","1D",400100,137000,38.9,-76.999
"115","Adult Arrest",2019,2019-10-11,6,"4e34e57426e1189d96a83577659c022be8766d3f2cc64caf862de0a1aaa02567","7a552af84f230b2e79a4c934699136b8ae4dc11855fe587915c6934688064502",52,NA,"","WHITE","NOT HISPANIC","MALE","Narcotics","Poss W/i To Dist Marijuana-fel",101,"1D",398000,137200,38.903,-77.023,"208","2D",395700,138100,38.911,-77.05
"116","Adult Arrest",2019,2019-10-21,10,"a9f1ec9946c395a8a38b07d5472d1633823ab3f5a0222adbb39ad5b1664ea1b5","54e0bf71347a9f02e38acc3ca5d7139c04c1fbdcf5d6e1b97298fc2652fa29fd",45,NA,"","BLACK","NOT HISPANIC","FEMALE","Prostitution","Sex Trafficking Of Children",101,"1D",398600,136700,38.898,-77.016,"302","3D",397400,140300,38.931,-77.03
"117","Adult Arrest",2019,2019-10-22,1,"1f09bf30b222128a2263cce62921d82605cde8ff50fcdd445150b043c03624e9","72820d1be6bc4bd10807cb4f349b8992c2d6e6b32f1c309df49444ca66a677a7",26,702,"7D","BLACK","NOT HISPANIC","MALE","Simple Assault","Threats To Do Bodily Harm -misd",707,"7D",400200,130900,38.845,-76.997,"707","7D",400200,130900,38.846,-76.998
"118","Adult Arrest",2019,2019-10-29,8,"705f21e917ae04d4abff4b4447fc7d6331a9ebc73d8910722596023e42e37b63","b729227771317774633251b4d9b3f373b13e8948a8335fcf2c9cd94389033a66",28,102,"1D","BLACK","NOT HISPANIC","FEMALE","Simple Assault","Simple Assault",105,"1D",398900,134300,38.877,-77.013,"603","6D",404200,136300,38.895,-76.951
"119","Adult Arrest",2019,2019-11-07,3,"58c6837034792e8de937a2ef4e4861dfff63661b790454641385bc1e59fe99f5","92b5435e360cf2ce87c4ddb0f2535389c81c4ac6bcc59971e3f26049230fb249",21,604,"6D","BLACK","NOT HISPANIC","FEMALE","Traffic Violations","Operation of all-terrain vehicles and dirt bikes",604,"6D",405600,134900,38.882,-76.935,"604","6D",405600,134900,38.882,-76.935
"120","Adult Arrest",2019,2019-11-11,6,"f108fb23405da0da1c7020e0ed354dd682a782cc906e930e814576e4842ab039","418649511d1a6914812b2eda394ad469a35e9ebccce4ba0d6710389750231cca",29,603,"6D","BLACK","NOT HISPANIC","FEMALE","Robbery","Robbery",603,"6D",404000,135300,38.886,-76.954,"403","4D",398300,143000,38.955,-77.02
"121","Adult Arrest",2019,2019-11-13,10,"b799b9ad21d9966c6c5b864695aca40489d70dd22dacc5633b56f3a6328e7b69","0ba0fb85c9e91076806685b2386e24408f4042217db3deb47750caac70f5fca4",30,NA,"","BLACK","UNKNOWN","MALE","Homicide","Murder I",505,"5D",400800,139200,38.921,-76.991,"605","6D",404700,133400,38.869,-76.946
"122","Adult Arrest",2019,2019-11-14,8,"f108fb23405da0da1c7020e0ed354dd682a782cc906e930e814576e4842ab039","818b3dce8da4deb8bccfe22ed8c180ce10721038c2e96335b798a02d5ebe66bf",24,NA,"","BLACK","NOT HISPANIC","MALE","Assault with a Dangerous Weapon","Assault With A Dangerous Weapon",608,"6D",406100,136900,38.9,-76.93,"403","4D",398300,143000,38.955,-77.02
"123","Adult Arrest",2019,2019-11-23,7,"58c6837034792e8de937a2ef4e4861dfff63661b790454641385bc1e59fe99f5","ac5071071388a8482f48a8392dd3a900ae8a8246f75c606a02182652d2859678",28,NA,"","BLACK","NOT HISPANIC","MALE","Traffic Violations","Operation of all-terrain vehicles and dirt bikes",604,"6D",405600,134900,38.882,-76.935,"604","6D",405600,134900,38.882,-76.935
"124","Adult Arrest",2019,2019-11-25,3,"58c6e3c3eeb202d8135b9c50021ff000d8caecca83082e056c082ca5f1acf1e7","ee0ce0e0c29e0296b6f5a88bb67ab746329478a48d9bd36ce9f104cb289800c7",39,604,"6D","BLACK","NOT HISPANIC","FEMALE","Traffic Violations","Fleeing from a law enforcement officer in a motor vehicle",608,"6D",406100,136900,38.9,-76.93,"604","6D",405900,135000,38.883,-76.932
"125","Adult Arrest",2019,2019-11-27,1,"2b07c25959e4ac16b0cf4c97f4478b4dfc01e123a0c091d927bead62134e5486","fbcab7addf8ce8b9b9a153af607d4e5f8bf3e44f14aad1af9549e02b4b86990f",48,502,"5D","BLACK","UNKNOWN","MALE","Narcotics","Poss Of A Controlled Substance -misd",502,"5D",400300,139800,38.926,-76.997,"502","5D",400300,139800,38.926,-76.997
"126","Adult Arrest",2019,2019-12-01,9,"7e66299e2863a819a5e23c5c9c2dba80015bd06e9daa5c7eb14b11a0e18bbdf8","63fcc48c94a79020a290085703bb845cffd3c9aed03e99b41c3c76b9646c62c0",25,405,"4D","BLACK","NOT HISPANIC","MALE","Homicide","Murder I",405,"4D",398600,140200,38.93,-77.016,"702","7D",403000,131700,38.853,-76.965
"127","Adult Arrest",2019,2019-12-02,5,"2b07c25959e4ac16b0cf4c97f4478b4dfc01e123a0c091d927bead62134e5486","1f5e6a2ffba0f9fba97bedf0e1f852b7dd72d5f1dac728a16d3109cfe8ec951a",23,502,"5D","BLACK","NOT HISPANIC","MALE","Narcotics","Poss W/i To Dist A Controlled Substance",502,"5D",400400,139700,38.925,-76.996,"502","5D",400300,139800,38.926,-76.997
"128","Adult Arrest",2019,2019-12-05,9,"8f91c3e38a8f32759c202b008ec7bff52e904956bb73c1a1e395d9f0d8038c47","d31bab7d84991c88cf093a60ac2c41a120db8135ee9e21a2149d5b6fe37f1cbe",26,304,"3D","BLACK","NOT HISPANIC","MALE","Homicide","Murder I",706,"7D",401000,129400,38.832,-76.988,"705","7D",400500,130200,38.839,-76.994
"129","Adult Arrest",2019,2019-12-06,10,"fc5613b905749843884907008e73dbd046b5d7532d4268afe8940920460724f2","fa94609869b0f3ed43c580e4072256ced2e166b8db412b7c40013ebbc4264478",42,302,"3D","BLACK","NOT HISPANIC","MALE","Robbery","Robbery",302,"3D",397100,140000,38.928,-77.033,"304","3D",397100,139400,38.922,-77.034
"130","Adult Arrest",2019,2019-12-10,9,"8f91c3e38a8f32759c202b008ec7bff52e904956bb73c1a1e395d9f0d8038c47","70c9bc9268ce9dfd6b1677ad30f0ad461e8d1134764d1886023f889a7084878d",19,506,"5D","BLACK","UNKNOWN","MALE","Homicide","Murder I",105,"1D",398900,134300,38.877,-77.013,"705","7D",400500,130200,38.839,-76.994
"131","Adult Arrest",2019,2019-12-11,10,"c839e2f1816657015ec72c4e0b69e11dd662815e85299ed344ad3ef430b97a3f","1f7a72f0c2789b4569bc75ea04332372b7e7bbe567fb110ac0f0c87a5fe9c66a",22,505,"5D","BLACK","NOT HISPANIC","MALE","Homicide","Murder I",105,"1D",398900,134300,38.877,-77.013,"501","5D",401100,137900,38.909,-76.988
"132","Adult Arrest",2019,2019-12-12,7,"7e66299e2863a819a5e23c5c9c2dba80015bd06e9daa5c7eb14b11a0e18bbdf8","8987a6f22c9ca09a79656d0bd337c8f36552caf4806e040e0d22acc97fb84a80",25,407,"4D","BLACK","UNKNOWN","MALE","Homicide","Murder I",105,"1D",398900,134300,38.877,-77.013,"702","7D",403000,131700,38.853,-76.965
"133","Adult Arrest",2019,2019-12-14,11,"ac32e4ecebc4df3dac4c532138b74942eb604ce9baadb50be4ac17048b490fe1","c5bb0845a49a76c433c3ae0726c97282917de7a28e3b80c256fe330279c4441b",31,NA,"","BLACK","NOT HISPANIC","MALE","Other Crimes","Resisting Arrest",703,"7D",400800,131900,38.855,-76.991,"703","7D",400800,131900,38.855,-76.991
"134","Adult Arrest",2019,2019-12-15,12,"ac32e4ecebc4df3dac4c532138b74942eb604ce9baadb50be4ac17048b490fe1","ed986b4a659c6c029ebc6c1086e1faec6f84b06ee2c41e8a556c4a863d408957",30,703,"7D","BLACK","NOT HISPANIC","FEMALE","Assault on a Police Officer","Assault On A Police Officer (simple Assault)",703,"7D",400800,131900,38.855,-76.991,"703","7D",400800,131900,38.855,-76.991
"135","Adult Arrest",2019,2019-12-18,5,"c839e2f1816657015ec72c4e0b69e11dd662815e85299ed344ad3ef430b97a3f","9bf082e844735a11c8e363c7a03c2a72e21c16b7833d3babc3478e0300e47a2e",21,505,"5D","BLACK","NOT HISPANIC","MALE","Homicide","Murder I",505,"5D",401500,139300,38.921,-76.983,"501","5D",401100,137900,38.909,-76.988
"136","Adult Arrest",2019,2019-12-24,8,"555fda3a64df754b2ab7394df8eb768b16cff24b786b67704abcc98aef6f68de","d49d8ee12d20d7cad0cc333ba89abaa8f132c1213b9db123e7404d0193c67561",27,307,"3D","BLACK","NOT HISPANIC","MALE","Simple Assault","Simple Assault",702,"7D",402600,131700,38.853,-76.97,"703","7D",401100,132400,38.86,-76.987
"137","Adult Arrest",2019,2019-12-26,3,"555fda3a64df754b2ab7394df8eb768b16cff24b786b67704abcc98aef6f68de","8d10e0978ac361a432e7795e558fbccd5c46ee2d4fdf6da56870286891b57b52",21,601,"6D","BLACK","NOT HISPANIC","FEMALE","Simple Assault","Simple Assault",702,"7D",402600,131700,38.853,-76.97,"703","7D",401100,132400,38.86,-76.987
"138","Adult Arrest",2020,2020-01-01,4,"b1a530970d351c700df6274c0e1f042ce49ff2ba","c35878a7d0d4728c7eb1d40dcca241cbe3fc9630",26,NA,"","ASIAN","NOT HISPANIC","MALE","Simple Assault","Threats To Do Bodily Harm -misd",303,"3D",396300,139300,38.922,-77.043,"303","3D",396400,139300,38.922,-77.042
"139","Adult Arrest",2020,2020-01-11,22,"b594bcdcf16b4a99970ea1af1888812daaa4db50","603ed8c5986f2249808e594f3d4ae2ce17bb91fd",22,102,"1D","ASIAN","UNKNOWN","FEMALE","Simple Assault","Simple Assault",102,"1D",399000,137000,38.9,-77.011,"102","1D",399000,137000,38.9,-77.011
"140","Adult Arrest",2020,2020-01-11,23,"181ee7d71e339bfe575dcb45d88840f5a79a6696","849cd54096b9beb480ad54e5bab77377b9dd8fef",30,NA,"","BLACK","UNKNOWN","FEMALE","Weapon Violations","CPWOL Outside Home or Business in violation of 2nd Emergency Act of 2014 Act 20-0564",507,"5D",402400,136800,38.899,-76.972,"507","5D",402400,136800,38.899,-76.972
"141","Adult Arrest",2020,2020-01-12,17,"b594bcdcf16b4a99970ea1af1888812daaa4db50","6fbdf5324eefa4b8e9c847e2a28c6cee88918bba",22,102,"1D","UNKNOWN","UNKNOWN","FEMALE","Simple Assault","Simple Assault",102,"1D",399000,137000,38.9,-77.011,"102","1D",399000,137000,38.9,-77.011
"142","Adult Arrest",2020,2020-01-17,11,"06c366494a84deeeac440f620493894f6bf5ccd2","b533ea9eebf21c026ab98fff746f85a26f0e63d8",18,708,"7D","BLACK","UNKNOWN","MALE","Assault with a Dangerous Weapon","Assault With A Dangerous Weapon",707,"7D",399300,129500,38.833,-77.008,"706","7D",400700,129500,38.834,-76.991
"143","Adult Arrest",2020,2020-01-23,6,"6a7fdde649441073c7a2a6e540af40ced4271545","4cf9b43823ae1504c70aad0c8aa617866d83849b",28,102,"1D","BLACK","NOT HISPANIC","FEMALE","Simple Assault","Simple Assault",503,"5D",402300,138600,38.915,-76.974,"708","7D",399500,128600,38.825,-77.006
"144","Adult Arrest",2020,2020-01-23,12,"06c366494a84deeeac440f620493894f6bf5ccd2","2709177689e0a4329636c23f08ac871984801dc8",18,702,"7D","BLACK","NOT HISPANIC","MALE","Weapon Violations","CPWOL Outside Home or Business in violation of 2nd Emergency Act of 2014 Act 20-0564",707,"7D",399300,129500,38.833,-77.008,"706","7D",400700,129500,38.834,-76.991
"145","Adult Arrest",2020,2020-01-26,4,"252efb710a410df944668a0e735f407bcbb6b8f8","574aeec8bd1961a244ccdb40d7df982b05f1eba7",31,507,"5D","BLACK","UNKNOWN","MALE","Simple Assault","Simple Assault",405,"4D",398600,140200,38.93,-77.016,"507","5D",402300,137200,38.903,-76.973
"146","Adult Arrest",2020,2020-01-09,14,"b1a530970d351c700df6274c0e1f042ce49ff2ba","91df41ae896baf483b3bb7ff8f3e0c275d93b941",69,NA,"","ASIAN","UNKNOWN","MALE","Simple Assault","Simple Assault",303,"3D",396400,139200,38.921,-77.042,"303","3D",396400,139300,38.922,-77.042
"147","Adult Arrest",2020,2020-10-13,17,"130638ca7f7b85986ffc81be0f9fbbeb1baeb4e6","1e4f859d4d4f21b78924e614f5ae7c393369a480",27,402,"4D","BLACK","UNKNOWN","MALE","Theft from Auto","Theft (theft From Motor Vehicle)",101,"1D",398700,137200,38.903,-77.015,"205","2D",392700,141000,38.937,-77.085
"148","Adult Arrest",2020,2020-10-20,0,"a2068c8a4969f323a3b51868a95f71e9588cf8a6","881f011e8e70fd9f660c390494f54dc84fb1022c",29,608,"6D","BLACK","NOT HISPANIC","MALE","Homicide","Murder I",707,"7D",400200,130900,38.846,-76.998,"707","7D",400200,130800,38.845,-76.998
"149","Adult Arrest",2020,2020-10-22,6,"0bf060635fea95e6fc35728673c72d988f205a43","907bc73bfbe685af1cbbba40a5632416dcf428fa",25,604,"6D","BLACK","NOT HISPANIC","MALE","Sex Offenses","Sex Trafficking Of Children - Conspiracy (kidnapping/abduction)",604,"6D",405800,134100,38.875,-76.933,"101","1D",398600,136600,38.897,-77.016
"150","Adult Arrest",2020,2020-10-29,8,"bad39a983df169d4b8754999d967a4b6d68f010a","642eaf93a9c3360cd33e5566913eca2cecd0af59",27,602,"6D","BLACK","NOT HISPANIC","MALE","Homicide","Murder I",107,"1D",402000,135100,38.883,-76.976,"602","6D",405500,137500,38.905,-76.937
"151","Adult Arrest",2020,2020-10-30,11,"bad39a983df169d4b8754999d967a4b6d68f010a","a048145dc3271ccf8e2a71a012147844dcc8352e",23,NA,"","BLACK","NOT HISPANIC","MALE","Homicide","Murder I",105,"1D",398900,134300,38.877,-77.013,"602","6D",405500,137500,38.905,-76.937
"152","Adult Arrest",2020,2020-10-08,14,"130638ca7f7b85986ffc81be0f9fbbeb1baeb4e6","d5778cbab6d64c85fc73204ce489a51c79682b1e",27,NA,"","BLACK","NOT HISPANIC","MALE","Theft from Auto","Theft (theft From Motor Vehicle)",401,"4D",398400,145100,38.974,-77.018,"205","2D",392700,141000,38.937,-77.085
"153","Adult Arrest",2020,2020-11-17,15,"130638ca7f7b85986ffc81be0f9fbbeb1baeb4e6","9735b370a99537d5017b3951aaae8da908d60fc2",39,NA,"","BLACK","NOT HISPANIC","MALE","Property Crimes","Receiving Stolen Property",408,"4D",397200,140600,38.933,-77.032,"205","2D",392700,141000,38.937,-77.085
"154","Adult Arrest",2020,2020-11-18,8,"a2068c8a4969f323a3b51868a95f71e9588cf8a6","dc94d97fc9f7cf20bb8868b42ad22e3602d80f84",18,604,"6D","BLACK","UNKNOWN","MALE","Homicide","Murder I",102,"1D",398400,136200,38.894,-77.019,"707","7D",400200,130800,38.845,-76.998
"155","Adult Arrest",2020,2020-11-24,23,"b6d11468a9c73b1cbc3e2a9952f27c317c0b4150","2054f6c1592dec983acad80a15af61214cc1ab8f",19,603,"6D","BLACK","NOT HISPANIC","MALE","Weapon Violations","Possession Of A Large Capacity Ammunition Feeding Device (and)",603,"6D",405200,136000,38.892,-76.94,"603","6D",405200,136000,38.892,-76.94
"156","Adult Arrest",2020,2020-11-25,3,"b6d11468a9c73b1cbc3e2a9952f27c317c0b4150","5638586f537d7044baf5dd4c31b2dd2231afcdd3",22,603,"6D","BLACK","NOT HISPANIC","MALE","Weapon Violations","Unlawful Poss Firearm -misd",603,"6D",405200,136000,38.892,-76.94,"603","6D",405200,136000,38.892,-76.94
"157","Adult Arrest",2020,2020-12-12,21,"2b285bd8df2ad72af2d13b88f1564c8bd91bdbdd","5ebbd77919fba7b05bf8d13d19d52b41ee1144d1",29,201,"2D","BLACK","UNKNOWN","MALE","Assault with a Dangerous Weapon","Assault With A Dangerous Weapon",209,"2D",397700,136500,38.897,-77.027,"209","2D",397700,136500,38.897,-77.027
"158","Adult Arrest",2020,2020-12-13,19,"2b285bd8df2ad72af2d13b88f1564c8bd91bdbdd","2713b6b9a7108ae41c4efb9195d87bcd91378e7a",39,NA,"","WHITE","UNKNOWN","MALE","Simple Assault","Simple Assault",207,"2D",395600,137100,38.902,-77.05,"209","2D",397700,136500,38.897,-77.027
"159","Adult Arrest",2020,2020-12-23,7,"c3cfceb98f067872bd8aef07069769ee5acd6c60","da9f5e7560187229f3f429e70fd1ae7d99df2352",23,104,"1D","BLACK","UNKNOWN","MALE","Assault with a Dangerous Weapon","Assault With A Dangerous Weapon",104,"1D",400700,137000,38.901,-76.992,"603","6D",405300,135900,38.891,-76.939
"160","Adult Arrest",2020,2020-02-11,8,"85c26b1de4687cd3fc8303f6e133c3117994bae1","63bc8c48638be9222572b9757e5c66fa09671f79",52,304,"3D","BLACK","NOT HISPANIC","FEMALE","Assault with a Dangerous Weapon","Assault With A Dangerous Weapon",304,"3D",397900,139700,38.925,-77.024,"306","3D",398600,139000,38.919,-77.017
"161","Adult Arrest",2020,2020-02-12,15,"41525820e869db06aea0a10fd508917f27b4d5c9","418a16cb4d484eedc29bf94356476f5de86f5bad",18,703,"7D","BLACK","NOT HISPANIC","MALE","Assault with a Dangerous Weapon","Assault With A Dangerous Weapon",703,"7D",400600,132800,38.863,-76.993,"703","7D",400700,132800,38.863,-76.992
"162","Adult Arrest",2020,2020-02-19,11,"816c5064e4746e75118e751990a0994a564ff41a","ee418435009a922674be69ef5e8ce72135ae0ff6",35,NA,"","BLACK","UNKNOWN","MALE","Homicide","Murder II",NA,"",NA,NA,NA,NA,"305","3D",397500,138800,38.917,-77.028
"163","Adult Arrest",2020,2020-02-22,2,"252efb710a410df944668a0e735f407bcbb6b8f8","b7a2b830e88591bd699b248f3fd654ad17dde3cc",27,507,"5D","BLACK","NOT HISPANIC","FEMALE","Assault with a Dangerous Weapon","Assault With A Dangerous Weapon",507,"5D",402300,137200,38.903,-76.973,"507","5D",402300,137200,38.903,-76.973
"164","Adult Arrest",2020,2020-02-25,23,"bfc801a18b8d72e4eef99f8aec5355bca98d7335","b50985558612355434361fcbae2f28c9d7e5a45b",29,306,"3D","WHITE","NOT HISPANIC","FEMALE","Traffic Violations","No Permit",409,"4D",398300,141000,38.937,-77.02,"409","4D",398300,141000,38.937,-77.02
"165","Adult Arrest",2020,2020-02-26,0,"bfc801a18b8d72e4eef99f8aec5355bca98d7335","442f571aebb510858cc0bc7ddb2ca31f3ce7caf3",45,306,"3D","BLACK","NOT HISPANIC","MALE","Release Violations/Fugitive","Fugitive From Justice",409,"4D",398300,141000,38.937,-77.02,"409","4D",398300,141000,38.937,-77.02
"166","Adult Arrest",2020,2020-02-05,17,"41525820e869db06aea0a10fd508917f27b4d5c9","e3af369ec137a1e156fe5fa62b408bf81c0685dc",27,707,"7D","BLACK","UNKNOWN","FEMALE","Assault with a Dangerous Weapon","Assault With A Dangerous Weapon",703,"7D",400600,132800,38.863,-76.993,"703","7D",400700,132800,38.863,-76.992
"167","Adult Arrest",2020,2020-02-08,10,"eea7308b676cc8ae49f590dcc1675fa918900cfc","51bfd691738013ddbcdaf3f4368b91d52ce86355",23,507,"5D","BLACK","NOT HISPANIC","MALE","Motor Vehicle Theft","Theft First Degree (Stolen Auto)",507,"5D",401600,136500,38.896,-76.982,"108","1D",401400,136000,38.892,-76.984
"168","Adult Arrest",2020,2020-02-09,15,"85c26b1de4687cd3fc8303f6e133c3117994bae1","073888cffeb83fdba31b83940eeac45a05e5268b",30,305,"3D","BLACK","UNKNOWN","MALE","Assault with a Dangerous Weapon","Assault With A Dangerous Weapon",306,"3D",398100,138700,38.916,-77.022,"306","3D",398600,139000,38.919,-77.017
"169","Adult Arrest",2020,2020-03-11,6,"eea7308b676cc8ae49f590dcc1675fa918900cfc","6b021100595872e7fa83ec28faf5780b7675882b",21,507,"5D","BLACK","NOT HISPANIC","MALE","Motor Vehicle Theft","Theft First Degree (Stolen Auto)",507,"5D",401600,136500,38.896,-76.982,"108","1D",401400,136000,38.892,-76.984
"170","Adult Arrest",2020,2020-03-19,16,"ce47869a8e0dac4ce672401511c728c8bdfb9e74","20a151a63d67662f7620397d79e4de699b8ada6e",23,701,"7D","BLACK","NOT HISPANIC","MALE","Theft","Theft First Degree (shoplifting)",101,"1D",398100,136900,38.9,-77.022,"202","2D",392700,143500,38.96,-77.085
"171","Adult Arrest",2020,2020-03-02,11,"aac3d415d8d530021f77c4751ab4cd03624e69ff","740e051536ced33ba2fb939578b507b4f431b663",18,604,"6D","BLACK","NOT HISPANIC","MALE","Assault with a Dangerous Weapon","Assault With A Dangerous Weapon",306,"3D",398200,138900,38.918,-77.021,"604","6D",406000,134400,38.878,-76.931
"172","Adult Arrest",2020,2020-03-24,19,"2de3ea8e4bd0f612965ab87cc5cef51555c96f16","90affd67f1dd5b06afea77c1030fa53eed96fcac",18,NA,"","BLACK","UNKNOWN","MALE","Damage to Property","Destruction Of Property Less Than $1000",409,"4D",397900,140700,38.934,-77.024,"208","2D",396200,137800,38.908,-77.044
"173","Adult Arrest",2020,2020-03-30,10,"58215cd147a4dd7d44f8e1f6098a642ce716228a","020fb6e1757dd509a90e1857124b5f4a17a79160",33,502,"5D","BLACK","NOT HISPANIC","MALE","Weapon Violations","CPWOL Outside Home or Business in violation of 2nd Emergency Act of 2014 Act 20-0564",106,"1D",399500,134100,38.875,-77.006,"102","1D",399200,137600,38.906,-77.009
"174","Adult Arrest",2020,2020-03-31,16,"2de3ea8e4bd0f612965ab87cc5cef51555c96f16","96896320f007ee8192dafd3f51c6c74a1f7509a1",19,308,"3D","BLACK","NOT HISPANIC","MALE","Theft from Auto","Theft Second Degree (theft From Motor Vehicle)",402,"4D",397600,143900,38.963,-77.027,"208","2D",396200,137800,38.908,-77.044
"175","Adult Arrest",2020,2020-03-09,2,"58215cd147a4dd7d44f8e1f6098a642ce716228a","063ef738b3399fdf33df4da6dd9142bee6ca1060",25,102,"1D","BLACK","NOT HISPANIC","MALE","Damage to Property","Destruction Of Property Less Than $1000",102,"1D",399200,137600,38.906,-77.009,"102","1D",399200,137600,38.906,-77.009
"176","Adult Arrest",2020,2020-03-09,13,"aac3d415d8d530021f77c4751ab4cd03624e69ff","c9c5539cb3960c2ebdb003a0c75468ad77b696fd",19,NA,"","BLACK","NOT HISPANIC","MALE","Weapon Violations","CPWOL Outside Home or Business (Prior Felony) in violation of 2nd Emergency Act of 2014 Act 20-0564",604,"6D",406000,134700,38.88,-76.931,"604","6D",406000,134400,38.878,-76.931
"177","Adult Arrest",2020,2020-04-10,16,"1d6357b561750747a4f40aa74bff56fee68f09ca","cafc0e7b66b928503112a200265ee5d00fc52824",24,302,"3D","UNKNOWN","HISPANIC","MALE","Burglary","Burglary Two",302,"3D",397100,140400,38.931,-77.033,"306","3D",398600,138700,38.916,-77.016
"178","Adult Arrest",2020,2020-04-14,0,"60d6d52585a4308b27c93d02da372e84a91ce34c","5852a9d6b314ebe8ad649f4d3475b1352fa111cb",18,405,"4D","BLACK","NOT HISPANIC","MALE","Homicide","Murder I",102,"1D",NA,NA,NA,NA,"503","5D",402500,139800,38.926,-76.972
"179","Adult Arrest",2020,2020-04-17,18,"60d6d52585a4308b27c93d02da372e84a91ce34c","766de0bcea7ac240c3391d314a3382190f14a598",21,503,"5D","BLACK","NOT HISPANIC","MALE","Homicide","Murder I",NA,"",NA,NA,NA,NA,"503","5D",402500,139800,38.926,-76.972
"180","Adult Arrest",2020,2020-04-17,20,"0c3a338c08b9edaaaaa8dc5c0c929f64c1d72092","63e052fd141865ca3a0b08696fd9afd1ce9ca0b9",36,603,"6D","BLACK","UNKNOWN","MALE","Homicide","Murder I",NA,"",NA,NA,NA,NA,"308","3D",398900,137800,38.908,-77.013
"181","Adult Arrest",2020,2020-04-20,10,"ce47869a8e0dac4ce672401511c728c8bdfb9e74","31d7ba1fc059518d41da7c1cdf4ed96cbc99fb88",20,507,"5D","BLACK","UNKNOWN","FEMALE","Theft","Theft First Degree (shoplifting)",503,"5D",402300,138600,38.915,-76.974,"202","2D",392700,143500,38.96,-77.085
"182","Adult Arrest",2020,2020-04-21,9,"0c3a338c08b9edaaaaa8dc5c0c929f64c1d72092","48db523230b70f955b006571c79672529f6683f5",34,607,"6D","BLACK","NOT HISPANIC","MALE","Homicide","Murder I",107,"1D",402000,135100,38.883,-76.976,"308","3D",398900,137800,38.908,-77.013
"183","Adult Arrest",2020,2020-04-28,1,"181ee7d71e339bfe575dcb45d88840f5a79a6696","a65484752714b23e8a77732463b04302305f2624",23,105,"1D","BLACK","NOT HISPANIC","MALE","Homicide","Murder I",105,"1D",398800,134100,38.875,-77.014,"507","5D",402400,136800,38.899,-76.972
"184","Adult Arrest",2020,2020-04-09,14,"1d6357b561750747a4f40aa74bff56fee68f09ca","e0ff1692522e9f0ad1cb28b372761c96a49b1df2",24,306,"3D","BLACK","NOT HISPANIC","MALE","Damage to Property","Destruction Of Property Less Than $1000",305,"3D",398100,138700,38.917,-77.022,"306","3D",398600,138700,38.916,-77.016
"185","Adult Arrest",2020,2020-05-12,18,"9499619a23075b135b1357171f3c72f0db06330a","c7aa185cefb9099ad6aaf3887451454942a9b72f",26,NA,"","BLACK","NOT HISPANIC","MALE","Narcotics","Distribution Of A Controlled Substance",604,"6D",406100,134400,38.878,-76.93,"604","6D",406100,134400,38.878,-76.93
"186","Adult Arrest",2020,2020-05-12,21,"d2e5caa4784ed4792bf92f4aae9911e44adfc65e","701aabf7c9103617c3beca2deda265bba1f0f841",21,NA,"","BLACK","NOT HISPANIC","MALE","Narcotics","Consumption of marijuana in public space prohibited",206,"2D",394200,137300,38.904,-77.067,"206","2D",394200,137300,38.904,-77.067
"187","Adult Arrest",2020,2020-05-13,9,"0c3a338c08b9edaaaaa8dc5c0c929f64c1d72092","b11762d261efb403bcc0fbe37bf15d6a14253c7a",54,402,"4D","BLACK","NOT HISPANIC","MALE","Homicide","Murder I",105,"1D",398900,134300,38.877,-77.013,"308","3D",398900,137800,38.908,-77.013
"188","Adult Arrest",2020,2020-05-14,21,"7ff1a4fdf460404e9a08db49ff49fc5df30e93cd","f26510ae866ce1cb89e86357e6be80c034414ebd",22,NA,"","WHITE","HISPANIC","MALE","Narcotics","Consumption of marijuana in public space prohibited",206,"2D",394200,137300,38.904,-77.067,"206","2D",394200,137300,38.904,-77.067
"189","Adult Arrest",2020,2020-05-15,20,"7ff1a4fdf460404e9a08db49ff49fc5df30e93cd","d518904c73d62d42de2f5177960d8e076af37297",19,NA,"","WHITE","HISPANIC","MALE","Narcotics","Consumption of marijuana in public space prohibited",206,"2D",394200,137300,38.904,-77.067,"206","2D",394200,137300,38.904,-77.067
"190","Adult Arrest",2020,2020-05-16,16,"12b2bec8e827004b7295d770d043aab3ff863d66","9aa86e8b57e943b0d9a60ac50934565c4529fc8c",22,502,"5D","BLACK","NOT HISPANIC","MALE","Narcotics","Consumption of marijuana in public space prohibited",303,"3D",396000,138900,38.918,-77.046,"207","2D",396100,137500,38.905,-77.045
"191","Adult Arrest",2020,2020-05-16,20,"fdca1e03385589499bb88222664d760d664fa23f","b228565698e41463288b2646cf798075f4f4364d",22,507,"5D","BLACK","NOT HISPANIC","MALE","Assault on a Police Officer","Assault On A Police Officer (aggravated Assault)",507,"5D",402200,136900,38.9,-76.975,"507","5D",402300,136900,38.9,-76.973
"192","Adult Arrest",2020,2020-05-19,11,"1b3d8d0865b90b817cc92e12b90ef0486f5aa1af","0583e846ce11dd9254de9139f740c057eeb99506",23,NA,"","BLACK","NOT HISPANIC","FEMALE","Narcotics","Consumption of marijuana in public space prohibited",204,"2D",393500,140800,38.935,-77.075,"206","2D",394200,137300,38.904,-77.067
"193","Adult Arrest",2020,2020-05-25,15,"cefbe5726f346883fdd0b6501ae66f0d79b6b636","61bc43a05ee6e6df8100279e25456b6ecafa372b",18,705,"7D","BLACK","UNKNOWN","MALE","Robbery","Attempt To Commit Robbery",102,"1D",398600,136300,38.894,-77.017,"705","7D",400200,130600,38.843,-76.998
"194","Adult Arrest",2020,2020-05-26,12,"12b2bec8e827004b7295d770d043aab3ff863d66","501ab89d1e230b10ca264fc871fd5f3d4887a064",23,NA,"","BLACK","UNKNOWN","MALE","Narcotics","Consumption of marijuana in public space prohibited",204,"2D",393500,140800,38.935,-77.075,"207","2D",396100,137500,38.905,-77.045
"195","Adult Arrest",2020,2020-05-26,21,"cefbe5726f346883fdd0b6501ae66f0d79b6b636","1ad7fc096925a3ca3ee88a8a9fcb6be3b37948af",19,705,"7D","BLACK","NOT HISPANIC","FEMALE","Robbery","Attempt To Commit Robbery",705,"7D",400300,130100,38.838,-76.997,"705","7D",400200,130600,38.843,-76.998
"196","Adult Arrest",2020,2020-05-28,0,"e255bfd12ef2e6427c402e94dac8ea8e96430fbc","c750760b877ceaa2dd5ea6a841a069b6f37f61ff",19,NA,"","BLACK","NOT HISPANIC","MALE","Robbery","Robbery",707,"7D",399800,130600,38.843,-77.003,"203","2D",394300,142300,38.949,-77.065
"197","Adult Arrest",2020,2020-05-29,6,"da3041ffaa8de8ac69936f42573b348c8300013a","a89b888058e70a67a6c5985d7c1b68b0cb8b5285",21,704,"7D","BLACK","NOT HISPANIC","MALE","Weapon Violations","Carrying a Pistol Without a License (Outside Home or Place of Business) 2015",704,"7D",401800,131500,38.851,-76.98,"409","4D",398200,140400,38.932,-77.021
"198","Adult Arrest",2020,2020-05-06,11,"816c5064e4746e75118e751990a0994a564ff41a","8c718753ab9aad8cd9bb2e29d06533f026e165c2",49,605,"6D","BLACK","NOT HISPANIC","MALE","Other Crimes","Tampering With Physical Evidence",706,"7D",400700,129600,38.834,-76.992,"305","3D",397500,138800,38.917,-77.028
"199","Adult Arrest",2020,2020-05-06,19,"67f34d1bcc0ea32874677135372548ab4b77e958","d4f80f60b0a0c6b283afc1d3c316bd4ade32a17c",19,501,"5D","BLACK","NOT HISPANIC","MALE","Property Crimes","Receiving Stolen Property",507,"5D",401500,136600,38.897,-76.983,"504","5D",401800,140100,38.928,-76.979
"200","Adult Arrest",2020,2020-05-07,15,"fdca1e03385589499bb88222664d760d664fa23f","4a6a78a6bf739877c2ee154d0d6724dbd3d3720f",19,308,"3D","BLACK","NOT HISPANIC","MALE","Assault on a Police Officer","Assault On A Police Officer (aggravated Assault)",507,"5D",402400,136800,38.899,-76.972,"507","5D",402300,136900,38.9,-76.973
"201","Adult Arrest",2020,2020-06-01,2,"49cdbd919b53c850918f9711e636403e48c366fa","03878a97e484054b5de5c62641e6903ba75888e1",18,NA,"","BLACK","NOT HISPANIC","FEMALE","Traffic Violations","No Permit",204,"2D",394700,140000,38.928,-77.062,"202","2D",392900,142900,38.954,-77.082
"202","Adult Arrest",2020,2020-06-12,18,"60562352dfd0db2e3e0ff85a967657005ece2132","b53fac237a3ba5e071015704e25dca377dd3d1ce",25,506,"5D","BLACK","UNKNOWN","MALE","Weapon Violations","CPWOL Outside Home or Business in violation of 2nd Emergency Act of 2014 Act 20-0564",506,"5D",401800,137700,38.907,-76.979,"506","5D",401300,137900,38.909,-76.985
"203","Adult Arrest",2020,2020-06-13,1,"60562352dfd0db2e3e0ff85a967657005ece2132","8f982152de1c003192cce7c5376bc857ce722fa3",23,NA,"","BLACK","NOT HISPANIC","MALE","Assault with a Dangerous Weapon","Assault With A Dangerous Weapon",506,"5D",401800,137700,38.907,-76.979,"506","5D",401300,137900,38.909,-76.985
"204","Adult Arrest",2020,2020-06-29,23,"73a815dbbb28ca0aad0c27e85ec35341fc813621","d960a9ba0ef804246b01f26c0db751f7c45b8105",26,NA,"","WHITE","HISPANIC","MALE","Other Crimes","Resisting Arrest",408,"4D",397200,140600,38.933,-77.032,"408","4D",397200,140600,38.933,-77.032
"205","Adult Arrest",2020,2020-06-30,0,"73a815dbbb28ca0aad0c27e85ec35341fc813621","046e00f3b53e5f082a8923e3fbea8bb59a120b03",29,306,"3D","WHITE","HISPANIC","FEMALE","Other Crimes","Resisting Arrest",408,"4D",397200,140600,38.933,-77.032,"408","4D",397200,140600,38.933,-77.032
"206","Adult Arrest",2020,2020-06-05,14,"da3041ffaa8de8ac69936f42573b348c8300013a","adac85b8b9f4a8810f936ce15ea549adb9a108b4",23,NA,"","BLACK","NOT HISPANIC","MALE","Weapon Violations","Carrying a Pistol Without a License (Outside Home or Place of Business) 2015",NA,"",NA,NA,NA,NA,"409","4D",398200,140400,38.932,-77.021
"207","Adult Arrest",2020,2020-07-01,15,"d2e5caa4784ed4792bf92f4aae9911e44adfc65e","4834fe923e6b1fea828b06cedf997f0b553f4187",22,NA,"","BLACK","NOT HISPANIC","MALE","Narcotics","Consumption of marijuana in public space prohibited",204,"2D",393500,140800,38.935,-77.075,"206","2D",394200,137300,38.904,-77.067
"208","Adult Arrest",2020,2020-07-10,9,"aa6889fede3c2832f72d95ab5d0e18fe5b05c9d9","12808144c6c1c7424fbb87d3d1f1950b0cbcd3ff",22,606,"6D","BLACK","NOT HISPANIC","MALE","Homicide","Murder I",NA,"",NA,NA,NA,NA,"701","7D",401200,132700,38.862,-76.986
"209","Adult Arrest",2020,2020-07-17,7,"67f34d1bcc0ea32874677135372548ab4b77e958","fd71323513996822512fe6975cb2aa878264c0f1",25,503,"5D","BLACK","NOT HISPANIC","MALE","Property Crimes","Receiving Stolen Property",507,"5D",402000,136300,38.895,-76.977,"504","5D",401800,140100,38.928,-76.979
"210","Adult Arrest",2020,2020-07-17,17,"dbe066440b54bda57ef9b846c70193e8a07b7cff","f6742adcdf2a73f5279fbf3a173f3a8449caefb9",40,NA,"","BLACK","NOT HISPANIC","MALE","Theft","Theft Second Degree (all Other Larceny)",409,"4D",397800,140300,38.931,-77.025,"502","5D",400100,139300,38.922,-76.998
"211","Adult Arrest",2020,2020-07-18,0,"e255bfd12ef2e6427c402e94dac8ea8e96430fbc","b9dbcbcdf31016a4fc768be2648086d3b57153a7",21,203,"2D","BLACK","NOT HISPANIC","MALE","Simple Assault","Simple Assault",203,"2D",394200,142500,38.95,-77.067,"203","2D",394300,142300,38.949,-77.065
"212","Adult Arrest",2020,2020-07-21,7,"0b5f24ea7b828ce0db5f822f94c392adfc16e42b","773dfa700dda29024e7f16f4eae0466ce4332e60",26,NA,"","BLACK","NOT HISPANIC","MALE","Assault with a Dangerous Weapon","Assault With A Dangerous Weapon",105,"1D",398600,134000,38.874,-77.016,"604","6D",406100,134500,38.878,-76.93
"213","Adult Arrest",2020,2020-07-22,12,"dbe066440b54bda57ef9b846c70193e8a07b7cff","de70cbf6f3d8f027759fb1e635cea3737f5ce1ca",26,504,"5D","BLACK","NOT HISPANIC","MALE","Theft","Theft Second Degree (all Other Larceny)",502,"5D",400100,139100,38.92,-76.999,"502","5D",400100,139300,38.922,-76.998
"214","Adult Arrest",2020,2020-07-22,23,"23809a9411e758ceaddd39d250bb023c5d06601d","e37601b980a17371bdd78a808116498c4b247886",29,505,"5D","BLACK","NOT HISPANIC","MALE","Offenses Against Family & Children","Contempt Of Cpo/tpo",505,"5D",401200,139500,38.923,-76.986,"505","5D",401200,139500,38.923,-76.986
"215","Adult Arrest",2020,2020-07-23,6,"23809a9411e758ceaddd39d250bb023c5d06601d","7759847624b17727ba786c04a3f630f05bd1e900",24,708,"7D","BLACK","NOT HISPANIC","FEMALE","Simple Assault","Simple Assault",608,"6D",406500,137200,38.903,-76.924,"505","5D",401200,139500,38.923,-76.986
"216","Adult Arrest",2020,2020-07-23,7,"0b5f24ea7b828ce0db5f822f94c392adfc16e42b","9f718ec9f3f4baee65a3957e8fe5c9a3d567c199",19,503,"5D","BLACK","NOT HISPANIC","MALE","Assault with a Dangerous Weapon","Assault With A Dangerous Weapon",107,"1D",402000,135100,38.883,-76.976,"604","6D",406100,134500,38.878,-76.93
"217","Adult Arrest",2020,2020-07-24,9,"c3cfceb98f067872bd8aef07069769ee5acd6c60","a5dca5f706077a5a615498f81c6953cf63c5cb21",25,704,"7D","BLACK","NOT HISPANIC","MALE","Assault with a Dangerous Weapon","Assault With A Dangerous Weapon",702,"7D",402400,132400,38.859,-76.973,"603","6D",405300,135900,38.891,-76.939
"218","Adult Arrest",2020,2020-07-29,13,"aa6889fede3c2832f72d95ab5d0e18fe5b05c9d9","79e5eab561a52376008f210b9d4efb6744ceec01",20,701,"7D","BLACK","NOT HISPANIC","MALE","Homicide","Murder I",NA,"",NA,NA,NA,NA,"701","7D",401200,132700,38.862,-76.986
"219","Adult Arrest",2020,2020-07-07,18,"6a7fdde649441073c7a2a6e540af40ced4271545","8442a8d2b1480e17bb4910cecb64cb0290c6aace",24,506,"5D","BLACK","NOT HISPANIC","FEMALE","Simple Assault","Simple Assault",102,"1D",398600,136300,38.894,-77.017,"708","7D",399500,128600,38.825,-77.006
"220","Adult Arrest",2020,2020-07-09,11,"aa6889fede3c2832f72d95ab5d0e18fe5b05c9d9","db0bd2dd8aedf4f2bcad91c74857eb9189d75594",18,607,"6D","BLACK","UNKNOWN","MALE","Homicide","Murder I",606,"6D",404300,132700,38.862,-76.95,"701","7D",401200,132700,38.862,-76.986
"221","Adult Arrest",2020,2020-08-14,0,"5dfcba3520c2cad195761d46063e4becdbd46f93","183bb740a9e7ce6c9ba544e02a20cdf68cb430f3",19,NA,"","WHITE","UNKNOWN","UNKNOWN","Disorderly Conduct","Riot Act -felony",303,"3D",396400,138800,38.917,-77.042,"301","3D",396700,138900,38.918,-77.038
"222","Adult Arrest",2020,2020-08-29,16,"9499619a23075b135b1357171f3c72f0db06330a","234724aa15974fbc67790407864abb5586a282aa",50,604,"6D","BLACK","NOT HISPANIC","FEMALE","Narcotics","Poss Of A Controlled Substance -misd",604,"6D",405900,134300,38.876,-76.932,"604","6D",406100,134400,38.878,-76.93
"223","Adult Arrest",2020,2020-08-31,23,"aa6889fede3c2832f72d95ab5d0e18fe5b05c9d9","9779d9bc7dd3ed3ca6b3f1b50169365f09ecbae2",25,NA,"","BLACK","NOT HISPANIC","MALE","Homicide","Murder I",608,"6D",406100,136900,38.9,-76.93,"701","7D",401200,132700,38.862,-76.986
"224","Adult Arrest",2020,2020-08-05,8,"eea7308b676cc8ae49f590dcc1675fa918900cfc","56c4b6bfce60632851282d284618814cbf04cbf2",24,NA,"","BLACK","NOT HISPANIC","MALE","Robbery","Robbery",NA,"",NA,NA,NA,NA,"108","1D",401400,136000,38.892,-76.984
"225","Adult Arrest",2020,2020-09-01,14,"1b3d8d0865b90b817cc92e12b90ef0486f5aa1af","b2b8c493451937d66f3d7f833d11507d938c937c",22,NA,"","BLACK","NOT HISPANIC","MALE","Narcotics","Consumption of marijuana in public space prohibited",206,"2D",394200,137300,38.904,-77.067,"206","2D",394200,137300,38.904,-77.067
"226","Adult Arrest",2020,2020-09-10,9,"67f34d1bcc0ea32874677135372548ab4b77e958","873200900ac08ca1f7cff6481c8a5242fe231eb3",21,503,"5D","BLACK","NOT HISPANIC","MALE","Theft from Auto","Theft (theft From Motor Vehicle)",NA,"",NA,NA,NA,NA,"504","5D",401800,140100,38.928,-76.979
"227","Adult Arrest",2020,2020-09-15,9,"23809a9411e758ceaddd39d250bb023c5d06601d","66b36e23185b19cdc07131b116a7a21248a2fa3d",25,406,"4D","BLACK","NOT HISPANIC","FEMALE","Simple Assault","Simple Assault",406,"4D",399000,143300,38.957,-77.011,"505","5D",401200,139500,38.923,-76.986
"228","Adult Arrest",2020,2020-09-22,8,"49cdbd919b53c850918f9711e636403e48c366fa","e63a64c613177f52f7541edf25650d787393d472",18,NA,"","UNKNOWN","HISPANIC","MALE","Burglary","Burglary Two",607,"6D",402500,133800,38.872,-76.971,"202","2D",392900,142900,38.954,-77.082
"229","Adult Arrest",2020,2020-09-30,10,"0bf060635fea95e6fc35728673c72d988f205a43","3aab3143500e57a656aca4520c0981649744e209",29,706,"7D","BLACK","NOT HISPANIC","MALE","Prostitution","Sex Trafficking Of Children",702,"7D",402600,131700,38.853,-76.97,"101","1D",398600,136600,38.897,-77.016
"230","Adult Arrest",2020,2020-09-05,20,"5dfcba3520c2cad195761d46063e4becdbd46f93","0d97502c363aac4983254b4fd6229620ef4f0b79",39,NA,"","WHITE","NOT HISPANIC","MALE","Disorderly Conduct","Riot Act -felony",505,"5D",401800,138900,38.918,-76.979,"301","3D",396700,138900,38.918,-77.038
